[debug] [2026-08-06T01:32:54.464Z] [Firebase Plugin] Activating Firebase extension.
[debug] [2026-08-06T01:32:55.389Z] [Firebase Plugin] requireAuthWrapper
[debug] [2026-08-06T01:32:55.390Z] > command requires scopes: ["email","openid","https://www.googleapis.com/auth/cloudplatformprojects.readonly","https://www.googleapis.com/auth/firebase","https://www.googleapis.com/auth/cloud-platform"]
[debug] [2026-08-06T01:32:55.399Z] [Firebase Plugin] VSCode notification server listening on port 40001
[info] [Firebase Plugin] Starting SQL Connect toolkit (version 3.4.16) on port 50001
[info] i  dataconnect: downloading dataconnect-emulator-3.4.16... {"metadata":{"emulator":{"name":"dataconnect"},"message":"downloading dataconnect-emulator-3.4.16..."}}
[debug] [2026-08-06T01:32:55.645Z] >>> [apiv2][query] GET https://storage.googleapis.com/firemat-preview-drop/emulator/dataconnect-emulator-linux-amd64-v3.4.16 
[debug] [2026-08-06T01:32:56.009Z] <<< [apiv2][status] GET https://storage.googleapis.com/firemat-preview-drop/emulator/dataconnect-emulator-linux-amd64-v3.4.16 200
[debug] [2026-08-06T01:32:56.010Z] <<< [apiv2][body] GET https://storage.googleapis.com/firemat-preview-drop/emulator/dataconnect-emulator-linux-amd64-v3.4.16 [stream]
[debug] [2026-08-06T01:32:58.559Z] 'fdc build' failed with error: Unable to build your SQL Connect schema and connectors (exit code 1): E0805 22:32:58.558701  797556 cmd.go:43] Error loading data connect config: could not find dataconnect.yaml in `/home/gui/projects/portfolio-website/dataconnect`
 {"metadata":{"emulator":{"name":"dataconnect"},"message":"'fdc build' failed with error: Unable to build your SQL Connect schema and connectors (exit code 1): E0805 22:32:58.558701  797556 cmd.go:43] Error loading data connect config: could not find dataconnect.yaml in `/home/gui/projects/portfolio-website/dataconnect`\n"}}
[debug] [2026-08-06T01:32:58.560Z] Ignoring unsupported arg: auto_download {"metadata":{"emulator":{"name":"dataconnect"},"message":"Ignoring unsupported arg: auto_download"}}
[debug] [2026-08-06T01:32:58.560Z] Ignoring unsupported arg: port {"metadata":{"emulator":{"name":"dataconnect"},"message":"Ignoring unsupported arg: port"}}
[debug] [2026-08-06T01:32:58.560Z] Starting SQL Connect Emulator with command {"binary":"/home/gui/.cache/firebase/emulators/dataconnect-emulator-3.4.16","args":["--logtostderr","-v=2","dev","--listen=localhost:50001","--config_dir=/home/gui/projects/portfolio-website/dataconnect","--enable_output_schema_extensions=true","--enable_output_generated_sdk=true"],"optionalArgs":["listen","config_dir","enable_output_schema_extensions","enable_output_generated_sdk"],"joinArgs":true,"shell":false,"port":9399} {"metadata":{"emulator":{"name":"dataconnect"},"message":"Starting SQL Connect Emulator with command {\"binary\":\"/home/gui/.cache/firebase/emulators/dataconnect-emulator-3.4.16\",\"args\":[\"--logtostderr\",\"-v=2\",\"dev\",\"--listen=localhost:50001\",\"--config_dir=/home/gui/projects/portfolio-website/dataconnect\",\"--enable_output_schema_extensions=true\",\"--enable_output_generated_sdk=true\"],\"optionalArgs\":[\"listen\",\"config_dir\",\"enable_output_schema_extensions\",\"enable_output_generated_sdk\"],\"joinArgs\":true,\"shell\":false,\"port\":9399}"}}
[info] i  dataconnect: SQL Connect Emulator logging to dataconnect-debug.log {"metadata":{"emulator":{"name":"dataconnect"},"message":"SQL Connect Emulator logging to dataconnect-debug.log"}}
[debug] [2026-08-06T01:32:58.585Z] E0805 22:32:58.585167  797570 dev.go:80] Failed to load initial config from "/home/gui/projects/portfolio-website/dataconnect": could not find dataconnect.yaml in `/home/gui/projects/portfolio-website/dataconnect`
 {"metadata":{"emulator":{"name":"dataconnect"},"message":"E0805 22:32:58.585167  797570 dev.go:80] Failed to load initial config from \"/home/gui/projects/portfolio-website/dataconnect\": could not find dataconnect.yaml in `/home/gui/projects/portfolio-website/dataconnect`\n"}}
[debug] [2026-08-06T01:32:58.585Z] E0805 22:32:58.585315  797570 watch.go:116] watchAllDir unable to walk dir `/home/gui/projects/portfolio-website/dataconnect`: lstat /home/gui/projects/portfolio-website/dataconnect: no such file or directory
 {"metadata":{"emulator":{"name":"dataconnect"},"message":"E0805 22:32:58.585315  797570 watch.go:116] watchAllDir unable to walk dir `/home/gui/projects/portfolio-website/dataconnect`: lstat /home/gui/projects/portfolio-website/dataconnect: no such file or directory\n"}}
[debug] [2026-08-06T01:32:58.585Z] I0805 22:32:58.585499  797570 dev.go:101] Listening on address (HTTP + gRPC): 127.0.0.1:50001
 {"metadata":{"emulator":{"name":"dataconnect"},"message":"I0805 22:32:58.585499  797570 dev.go:101] Listening on address (HTTP + gRPC): 127.0.0.1:50001\n"}}
[error] [Firebase Plugin] error:  {}
[debug] [2026-08-06T01:33:08.594Z] E0805 22:33:08.594373  797570 watch.go:40] Failed to load config from "/home/gui/projects/portfolio-website/dataconnect": could not find dataconnect.yaml in `/home/gui/projects/portfolio-website/dataconnect`
 {"metadata":{"emulator":{"name":"dataconnect"},"message":"E0805 22:33:08.594373  797570 watch.go:40] Failed to load config from \"/home/gui/projects/portfolio-website/dataconnect\": could not find dataconnect.yaml in `/home/gui/projects/portfolio-website/dataconnect`\n"}}
[debug] [2026-08-06T01:33:10.734Z] Running auto auth
[debug] [2026-08-06T01:33:10.735Z] No OAuth tokens found
[debug] [2026-08-06T01:33:10.735Z] [Firebase Plugin] No user found (this may be normal)
[debug] [2026-08-06T01:33:18.595Z] E0805 22:33:18.595374  797570 watch.go:40] Failed to load config from "/home/gui/projects/portfolio-website/dataconnect": could not find dataconnect.yaml in `/home/gui/projects/portfolio-website/dataconnect`
 {"metadata":{"emulator":{"name":"dataconnect"},"message":"E0805 22:33:18.595374  797570 watch.go:40] Failed to load config from \"/home/gui/projects/portfolio-website/dataconnect\": could not find dataconnect.yaml in `/home/gui/projects/portfolio-website/dataconnect`\n"}}
[debug] [2026-08-06T01:33:28.586Z] E0805 22:33:28.586354  797570 watch.go:40] Failed to load config from "/home/gui/projects/portfolio-website/dataconnect": could not find dataconnect.yaml in `/home/gui/projects/portfolio-website/dataconnect`
 {"metadata":{"emulator":{"name":"dataconnect"},"message":"E0805 22:33:28.586354  797570 watch.go:40] Failed to load config from \"/home/gui/projects/portfolio-website/dataconnect\": could not find dataconnect.yaml in `/home/gui/projects/portfolio-website/dataconnect`\n"}}
[debug] [2026-08-06T01:33:38.595Z] E0805 22:33:38.595396  797570 watch.go:40] Failed to load config from "/home/gui/projects/portfolio-website/dataconnect": could not find dataconnect.yaml in `/home/gui/projects/portfolio-website/dataconnect`
 {"metadata":{"emulator":{"name":"dataconnect"},"message":"E0805 22:33:38.595396  797570 watch.go:40] Failed to load config from \"/home/gui/projects/portfolio-website/dataconnect\": could not find dataconnect.yaml in `/home/gui/projects/portfolio-website/dataconnect`\n"}}
[debug] [2026-08-06T01:33:48.601Z] E0805 22:33:48.601052  797570 watch.go:40] Failed to load config from "/home/gui/projects/portfolio-website/dataconnect": could not find dataconnect.yaml in `/home/gui/projects/portfolio-website/dataconnect`
 {"metadata":{"emulator":{"name":"dataconnect"},"message":"E0805 22:33:48.601052  797570 watch.go:40] Failed to load config from \"/home/gui/projects/portfolio-website/dataconnect\": could not find dataconnect.yaml in `/home/gui/projects/portfolio-website/dataconnect`\n"}}
[debug] [2026-08-06T01:33:58.586Z] E0805 22:33:58.586180  797570 watch.go:40] Failed to load config from "/home/gui/projects/portfolio-website/dataconnect": could not find dataconnect.yaml in `/home/gui/projects/portfolio-website/dataconnect`
E0805 22:33:58.586085  797570 watch.go:116] watchAllDir unable to walk dir `/home/gui/projects/portfolio-website/dataconnect`: lstat /home/gui/projects/portfolio-website/dataconnect: no such file or directory
 {"metadata":{"emulator":{"name":"dataconnect"},"message":"E0805 22:33:58.586180  797570 watch.go:40] Failed to load config from \"/home/gui/projects/portfolio-website/dataconnect\": could not find dataconnect.yaml in `/home/gui/projects/portfolio-website/dataconnect`\nE0805 22:33:58.586085  797570 watch.go:116] watchAllDir unable to walk dir `/home/gui/projects/portfolio-website/dataconnect`: lstat /home/gui/projects/portfolio-website/dataconnect: no such file or directory\n"}}
[debug] [2026-08-06T01:34:08.586Z] E0805 22:34:08.586782  797570 watch.go:40] Failed to load config from "/home/gui/projects/portfolio-website/dataconnect": could not find dataconnect.yaml in `/home/gui/projects/portfolio-website/dataconnect`
 {"metadata":{"emulator":{"name":"dataconnect"},"message":"E0805 22:34:08.586782  797570 watch.go:40] Failed to load config from \"/home/gui/projects/portfolio-website/dataconnect\": could not find dataconnect.yaml in `/home/gui/projects/portfolio-website/dataconnect`\n"}}
[debug] [2026-08-06T01:34:18.591Z] E0805 22:34:18.590980  797570 watch.go:40] Failed to load config from "/home/gui/projects/portfolio-website/dataconnect": could not find dataconnect.yaml in `/home/gui/projects/portfolio-website/dataconnect`
 {"metadata":{"emulator":{"name":"dataconnect"},"message":"E0805 22:34:18.590980  797570 watch.go:40] Failed to load config from \"/home/gui/projects/portfolio-website/dataconnect\": could not find dataconnect.yaml in `/home/gui/projects/portfolio-website/dataconnect`\n"}}
[debug] [2026-08-06T01:34:28.586Z] E0805 22:34:28.586440  797570 watch.go:40] Failed to load config from "/home/gui/projects/portfolio-website/dataconnect": could not find dataconnect.yaml in `/home/gui/projects/portfolio-website/dataconnect`
 {"metadata":{"emulator":{"name":"dataconnect"},"message":"E0805 22:34:28.586440  797570 watch.go:40] Failed to load config from \"/home/gui/projects/portfolio-website/dataconnect\": could not find dataconnect.yaml in `/home/gui/projects/portfolio-website/dataconnect`\n"}}
[debug] [2026-08-06T01:34:29.345Z] [Firebase Plugin] Value of process.env.MONOSPACE_ENV: undefined
[debug] [2026-08-06T01:34:29.345Z] [Firebase Plugin] requireAuthWrapper
[debug] [2026-08-06T01:34:29.346Z] > command requires scopes: ["email","openid","https://www.googleapis.com/auth/cloudplatformprojects.readonly","https://www.googleapis.com/auth/firebase","https://www.googleapis.com/auth/cloud-platform"]
[debug] [2026-08-06T01:34:29.346Z] Running auto auth
[debug] [2026-08-06T01:34:29.346Z] No OAuth tokens found
[debug] [2026-08-06T01:34:29.346Z] [Firebase Plugin] No user found (this may be normal)
[debug] [2026-08-06T01:34:29.346Z] [Firebase Plugin] Value of process.env.MONOSPACE_ENV: undefined
[debug] [2026-08-06T01:34:29.346Z] [Firebase Plugin] requireAuthWrapper
[debug] [2026-08-06T01:34:29.347Z] > command requires scopes: ["email","openid","https://www.googleapis.com/auth/cloudplatformprojects.readonly","https://www.googleapis.com/auth/firebase","https://www.googleapis.com/auth/cloud-platform"]
[debug] [2026-08-06T01:34:29.347Z] Running auto auth
[debug] [2026-08-06T01:34:29.347Z] No OAuth tokens found
[debug] [2026-08-06T01:34:29.347Z] [Firebase Plugin] No user found (this may be normal)
[info] 
[info] Visit this URL on this device to log in:
[info] https://accounts.google.com/o/oauth2/auth?client_id=563584335869-fgrhgmd47bqnekij5i8b5pr03ho849e6.apps.googleusercontent.com&scope=email%20openid%20https%3A%2F%2Fwww.googleapis.com%2Fauth%2Fcloudplatformprojects.readonly%20https%3A%2F%2Fwww.googleapis.com%2Fauth%2Ffirebase%20https%3A%2F%2Fwww.googleapis.com%2Fauth%2Fcloud-platform&response_type=code&state=181354415&redirect_uri=http%3A%2F%2Flocalhost%3A9005
[info] 
[info] Waiting for authentication...
[debug] [2026-08-06T01:34:38.594Z] E0805 22:34:38.594355  797570 watch.go:40] Failed to load config from "/home/gui/projects/portfolio-website/dataconnect": could not find dataconnect.yaml in `/home/gui/projects/portfolio-website/dataconnect`
 {"metadata":{"emulator":{"name":"dataconnect"},"message":"E0805 22:34:38.594355  797570 watch.go:40] Failed to load config from \"/home/gui/projects/portfolio-website/dataconnect\": could not find dataconnect.yaml in `/home/gui/projects/portfolio-website/dataconnect`\n"}}
[debug] [2026-08-06T01:34:48.586Z] E0805 22:34:48.586554  797570 watch.go:40] Failed to load config from "/home/gui/projects/portfolio-website/dataconnect": could not find dataconnect.yaml in `/home/gui/projects/portfolio-website/dataconnect`
 {"metadata":{"emulator":{"name":"dataconnect"},"message":"E0805 22:34:48.586554  797570 watch.go:40] Failed to load config from \"/home/gui/projects/portfolio-website/dataconnect\": could not find dataconnect.yaml in `/home/gui/projects/portfolio-website/dataconnect`\n"}}
[debug] [2026-08-06T01:34:58.586Z] E0805 22:34:58.586361  797570 watch.go:116] watchAllDir unable to walk dir `/home/gui/projects/portfolio-website/dataconnect`: lstat /home/gui/projects/portfolio-website/dataconnect: no such file or directory
E0805 22:34:58.586391  797570 watch.go:40] Failed to load config from "/home/gui/projects/portfolio-website/dataconnect": could not find dataconnect.yaml in `/home/gui/projects/portfolio-website/dataconnect`
 {"metadata":{"emulator":{"name":"dataconnect"},"message":"E0805 22:34:58.586361  797570 watch.go:116] watchAllDir unable to walk dir `/home/gui/projects/portfolio-website/dataconnect`: lstat /home/gui/projects/portfolio-website/dataconnect: no such file or directory\nE0805 22:34:58.586391  797570 watch.go:40] Failed to load config from \"/home/gui/projects/portfolio-website/dataconnect\": could not find dataconnect.yaml in `/home/gui/projects/portfolio-website/dataconnect`\n"}}
[debug] [2026-08-06T01:34:59.130Z] >>> [apiv2][query] POST https://accounts.google.com/o/oauth2/token [none]
[debug] [2026-08-06T01:34:59.131Z] >>> [apiv2][body] POST https://accounts.google.com/o/oauth2/token [omitted]
[debug] [2026-08-06T01:34:59.599Z] <<< [apiv2][status] POST https://accounts.google.com/o/oauth2/token 200
[debug] [2026-08-06T01:34:59.599Z] <<< [apiv2][body] POST https://accounts.google.com/o/oauth2/token [omitted]
[info] [Firebase Plugin] (Core:Project) New user detected, fetching projects
[debug] [2026-08-06T01:34:59.604Z] Checked if tokens are valid: true, expires at: 1785983698600
[debug] [2026-08-06T01:34:59.604Z] >>> [apiv2][query] GET https://firebase.googleapis.com/v1beta1/projects pageSize=1000
[debug] [2026-08-06T01:35:00.474Z] <<< [apiv2][status] GET https://firebase.googleapis.com/v1beta1/projects 200
[debug] [2026-08-06T01:35:00.474Z] <<< [apiv2][body] GET https://firebase.googleapis.com/v1beta1/projects [omitted]
[debug] [2026-08-06T01:35:08.585Z] E0805 22:35:08.585727  797570 watch.go:40] Failed to load config from "/home/gui/projects/portfolio-website/dataconnect": could not find dataconnect.yaml in `/home/gui/projects/portfolio-website/dataconnect`
 {"metadata":{"emulator":{"name":"dataconnect"},"message":"E0805 22:35:08.585727  797570 watch.go:40] Failed to load config from \"/home/gui/projects/portfolio-website/dataconnect\": could not find dataconnect.yaml in `/home/gui/projects/portfolio-website/dataconnect`\n"}}
[debug] [2026-08-06T01:35:18.587Z] E0805 22:35:18.586548  797570 watch.go:40] Failed to load config from "/home/gui/projects/portfolio-website/dataconnect": could not find dataconnect.yaml in `/home/gui/projects/portfolio-website/dataconnect`
 {"metadata":{"emulator":{"name":"dataconnect"},"message":"E0805 22:35:18.586548  797570 watch.go:40] Failed to load config from \"/home/gui/projects/portfolio-website/dataconnect\": could not find dataconnect.yaml in `/home/gui/projects/portfolio-website/dataconnect`\n"}}
[debug] [2026-08-06T01:35:28.586Z] E0805 22:35:28.586384  797570 watch.go:40] Failed to load config from "/home/gui/projects/portfolio-website/dataconnect": could not find dataconnect.yaml in `/home/gui/projects/portfolio-website/dataconnect`
 {"metadata":{"emulator":{"name":"dataconnect"},"message":"E0805 22:35:28.586384  797570 watch.go:40] Failed to load config from \"/home/gui/projects/portfolio-website/dataconnect\": could not find dataconnect.yaml in `/home/gui/projects/portfolio-website/dataconnect`\n"}}
[debug] [2026-08-06T01:35:38.594Z] E0805 22:35:38.594353  797570 watch.go:40] Failed to load config from "/home/gui/projects/portfolio-website/dataconnect": could not find dataconnect.yaml in `/home/gui/projects/portfolio-website/dataconnect`
 {"metadata":{"emulator":{"name":"dataconnect"},"message":"E0805 22:35:38.594353  797570 watch.go:40] Failed to load config from \"/home/gui/projects/portfolio-website/dataconnect\": could not find dataconnect.yaml in `/home/gui/projects/portfolio-website/dataconnect`\n"}}
[debug] [2026-08-06T01:35:48.595Z] E0805 22:35:48.595378  797570 watch.go:40] Failed to load config from "/home/gui/projects/portfolio-website/dataconnect": could not find dataconnect.yaml in `/home/gui/projects/portfolio-website/dataconnect`
 {"metadata":{"emulator":{"name":"dataconnect"},"message":"E0805 22:35:48.595378  797570 watch.go:40] Failed to load config from \"/home/gui/projects/portfolio-website/dataconnect\": could not find dataconnect.yaml in `/home/gui/projects/portfolio-website/dataconnect`\n"}}
[debug] [2026-08-06T01:35:58.586Z] E0805 22:35:58.586359  797570 watch.go:116] watchAllDir unable to walk dir `/home/gui/projects/portfolio-website/dataconnect`: lstat /home/gui/projects/portfolio-website/dataconnect: no such file or directory
E0805 22:35:58.586408  797570 watch.go:40] Failed to load config from "/home/gui/projects/portfolio-website/dataconnect": could not find dataconnect.yaml in `/home/gui/projects/portfolio-website/dataconnect`
 {"metadata":{"emulator":{"name":"dataconnect"},"message":"E0805 22:35:58.586359  797570 watch.go:116] watchAllDir unable to walk dir `/home/gui/projects/portfolio-website/dataconnect`: lstat /home/gui/projects/portfolio-website/dataconnect: no such file or directory\nE0805 22:35:58.586408  797570 watch.go:40] Failed to load config from \"/home/gui/projects/portfolio-website/dataconnect\": could not find dataconnect.yaml in `/home/gui/projects/portfolio-website/dataconnect`\n"}}
[debug] [2026-08-06T01:36:08.594Z] E0805 22:36:08.594489  797570 watch.go:40] Failed to load config from "/home/gui/projects/portfolio-website/dataconnect": could not find dataconnect.yaml in `/home/gui/projects/portfolio-website/dataconnect`
 {"metadata":{"emulator":{"name":"dataconnect"},"message":"E0805 22:36:08.594489  797570 watch.go:40] Failed to load config from \"/home/gui/projects/portfolio-website/dataconnect\": could not find dataconnect.yaml in `/home/gui/projects/portfolio-website/dataconnect`\n"}}
[debug] [2026-08-06T01:36:18.594Z] E0805 22:36:18.594358  797570 watch.go:40] Failed to load config from "/home/gui/projects/portfolio-website/dataconnect": could not find dataconnect.yaml in `/home/gui/projects/portfolio-website/dataconnect`
 {"metadata":{"emulator":{"name":"dataconnect"},"message":"E0805 22:36:18.594358  797570 watch.go:40] Failed to load config from \"/home/gui/projects/portfolio-website/dataconnect\": could not find dataconnect.yaml in `/home/gui/projects/portfolio-website/dataconnect`\n"}}
[debug] [2026-08-06T01:36:28.586Z] E0805 22:36:28.586376  797570 watch.go:40] Failed to load config from "/home/gui/projects/portfolio-website/dataconnect": could not find dataconnect.yaml in `/home/gui/projects/portfolio-website/dataconnect`
 {"metadata":{"emulator":{"name":"dataconnect"},"message":"E0805 22:36:28.586376  797570 watch.go:40] Failed to load config from \"/home/gui/projects/portfolio-website/dataconnect\": could not find dataconnect.yaml in `/home/gui/projects/portfolio-website/dataconnect`\n"}}
[debug] [2026-08-06T01:36:38.594Z] E0805 22:36:38.594354  797570 watch.go:40] Failed to load config from "/home/gui/projects/portfolio-website/dataconnect": could not find dataconnect.yaml in `/home/gui/projects/portfolio-website/dataconnect`
 {"metadata":{"emulator":{"name":"dataconnect"},"message":"E0805 22:36:38.594354  797570 watch.go:40] Failed to load config from \"/home/gui/projects/portfolio-website/dataconnect\": could not find dataconnect.yaml in `/home/gui/projects/portfolio-website/dataconnect`\n"}}
[debug] [2026-08-06T01:36:48.595Z] E0805 22:36:48.595358  797570 watch.go:40] Failed to load config from "/home/gui/projects/portfolio-website/dataconnect": could not find dataconnect.yaml in `/home/gui/projects/portfolio-website/dataconnect`
 {"metadata":{"emulator":{"name":"dataconnect"},"message":"E0805 22:36:48.595358  797570 watch.go:40] Failed to load config from \"/home/gui/projects/portfolio-website/dataconnect\": could not find dataconnect.yaml in `/home/gui/projects/portfolio-website/dataconnect`\n"}}
[debug] [2026-08-06T01:36:58.586Z] E0805 22:36:58.586360  797570 watch.go:116] watchAllDir unable to walk dir `/home/gui/projects/portfolio-website/dataconnect`: lstat /home/gui/projects/portfolio-website/dataconnect: no such file or directory
E0805 22:36:58.586414  797570 watch.go:40] Failed to load config from "/home/gui/projects/portfolio-website/dataconnect": could not find dataconnect.yaml in `/home/gui/projects/portfolio-website/dataconnect`
 {"metadata":{"emulator":{"name":"dataconnect"},"message":"E0805 22:36:58.586360  797570 watch.go:116] watchAllDir unable to walk dir `/home/gui/projects/portfolio-website/dataconnect`: lstat /home/gui/projects/portfolio-website/dataconnect: no such file or directory\nE0805 22:36:58.586414  797570 watch.go:40] Failed to load config from \"/home/gui/projects/portfolio-website/dataconnect\": could not find dataconnect.yaml in `/home/gui/projects/portfolio-website/dataconnect`\n"}}
[debug] [2026-08-06T01:37:08.594Z] E0805 22:37:08.594358  797570 watch.go:40] Failed to load config from "/home/gui/projects/portfolio-website/dataconnect": could not find dataconnect.yaml in `/home/gui/projects/portfolio-website/dataconnect`
 {"metadata":{"emulator":{"name":"dataconnect"},"message":"E0805 22:37:08.594358  797570 watch.go:40] Failed to load config from \"/home/gui/projects/portfolio-website/dataconnect\": could not find dataconnect.yaml in `/home/gui/projects/portfolio-website/dataconnect`\n"}}
[debug] [2026-08-06T01:37:18.586Z] E0805 22:37:18.586791  797570 watch.go:40] Failed to load config from "/home/gui/projects/portfolio-website/dataconnect": could not find dataconnect.yaml in `/home/gui/projects/portfolio-website/dataconnect`
 {"metadata":{"emulator":{"name":"dataconnect"},"message":"E0805 22:37:18.586791  797570 watch.go:40] Failed to load config from \"/home/gui/projects/portfolio-website/dataconnect\": could not find dataconnect.yaml in `/home/gui/projects/portfolio-website/dataconnect`\n"}}
[debug] [2026-08-06T01:37:28.586Z] E0805 22:37:28.586400  797570 watch.go:40] Failed to load config from "/home/gui/projects/portfolio-website/dataconnect": could not find dataconnect.yaml in `/home/gui/projects/portfolio-website/dataconnect`
 {"metadata":{"emulator":{"name":"dataconnect"},"message":"E0805 22:37:28.586400  797570 watch.go:40] Failed to load config from \"/home/gui/projects/portfolio-website/dataconnect\": could not find dataconnect.yaml in `/home/gui/projects/portfolio-website/dataconnect`\n"}}
[debug] [2026-08-06T01:37:38.594Z] E0805 22:37:38.594244  797570 watch.go:40] Failed to load config from "/home/gui/projects/portfolio-website/dataconnect": could not find dataconnect.yaml in `/home/gui/projects/portfolio-website/dataconnect`
 {"metadata":{"emulator":{"name":"dataconnect"},"message":"E0805 22:37:38.594244  797570 watch.go:40] Failed to load config from \"/home/gui/projects/portfolio-website/dataconnect\": could not find dataconnect.yaml in `/home/gui/projects/portfolio-website/dataconnect`\n"}}
[debug] [2026-08-06T01:37:48.594Z] E0805 22:37:48.594351  797570 watch.go:40] Failed to load config from "/home/gui/projects/portfolio-website/dataconnect": could not find dataconnect.yaml in `/home/gui/projects/portfolio-website/dataconnect`
 {"metadata":{"emulator":{"name":"dataconnect"},"message":"E0805 22:37:48.594351  797570 watch.go:40] Failed to load config from \"/home/gui/projects/portfolio-website/dataconnect\": could not find dataconnect.yaml in `/home/gui/projects/portfolio-website/dataconnect`\n"}}
[debug] [2026-08-06T01:37:58.586Z] E0805 22:37:58.586361  797570 watch.go:116] watchAllDir unable to walk dir `/home/gui/projects/portfolio-website/dataconnect`: lstat /home/gui/projects/portfolio-website/dataconnect: no such file or directory
E0805 22:37:58.586422  797570 watch.go:40] Failed to load config from "/home/gui/projects/portfolio-website/dataconnect": could not find dataconnect.yaml in `/home/gui/projects/portfolio-website/dataconnect`
 {"metadata":{"emulator":{"name":"dataconnect"},"message":"E0805 22:37:58.586361  797570 watch.go:116] watchAllDir unable to walk dir `/home/gui/projects/portfolio-website/dataconnect`: lstat /home/gui/projects/portfolio-website/dataconnect: no such file or directory\nE0805 22:37:58.586422  797570 watch.go:40] Failed to load config from \"/home/gui/projects/portfolio-website/dataconnect\": could not find dataconnect.yaml in `/home/gui/projects/portfolio-website/dataconnect`\n"}}
[debug] [2026-08-06T01:38:08.594Z] E0805 22:38:08.594504  797570 watch.go:40] Failed to load config from "/home/gui/projects/portfolio-website/dataconnect": could not find dataconnect.yaml in `/home/gui/projects/portfolio-website/dataconnect`
 {"metadata":{"emulator":{"name":"dataconnect"},"message":"E0805 22:38:08.594504  797570 watch.go:40] Failed to load config from \"/home/gui/projects/portfolio-website/dataconnect\": could not find dataconnect.yaml in `/home/gui/projects/portfolio-website/dataconnect`\n"}}
[debug] [2026-08-06T01:38:18.594Z] E0805 22:38:18.594549  797570 watch.go:40] Failed to load config from "/home/gui/projects/portfolio-website/dataconnect": could not find dataconnect.yaml in `/home/gui/projects/portfolio-website/dataconnect`
 {"metadata":{"emulator":{"name":"dataconnect"},"message":"E0805 22:38:18.594549  797570 watch.go:40] Failed to load config from \"/home/gui/projects/portfolio-website/dataconnect\": could not find dataconnect.yaml in `/home/gui/projects/portfolio-website/dataconnect`\n"}}
[debug] [2026-08-06T01:38:28.585Z] E0805 22:38:28.585908  797570 watch.go:40] Failed to load config from "/home/gui/projects/portfolio-website/dataconnect": could not find dataconnect.yaml in `/home/gui/projects/portfolio-website/dataconnect`
 {"metadata":{"emulator":{"name":"dataconnect"},"message":"E0805 22:38:28.585908  797570 watch.go:40] Failed to load config from \"/home/gui/projects/portfolio-website/dataconnect\": could not find dataconnect.yaml in `/home/gui/projects/portfolio-website/dataconnect`\n"}}
[debug] [2026-08-06T01:38:38.593Z] E0805 22:38:38.593265  797570 watch.go:40] Failed to load config from "/home/gui/projects/portfolio-website/dataconnect": could not find dataconnect.yaml in `/home/gui/projects/portfolio-website/dataconnect`
 {"metadata":{"emulator":{"name":"dataconnect"},"message":"E0805 22:38:38.593265  797570 watch.go:40] Failed to load config from \"/home/gui/projects/portfolio-website/dataconnect\": could not find dataconnect.yaml in `/home/gui/projects/portfolio-website/dataconnect`\n"}}
[debug] [2026-08-06T01:38:48.595Z] E0805 22:38:48.595292  797570 watch.go:40] Failed to load config from "/home/gui/projects/portfolio-website/dataconnect": could not find dataconnect.yaml in `/home/gui/projects/portfolio-website/dataconnect`
 {"metadata":{"emulator":{"name":"dataconnect"},"message":"E0805 22:38:48.595292  797570 watch.go:40] Failed to load config from \"/home/gui/projects/portfolio-website/dataconnect\": could not find dataconnect.yaml in `/home/gui/projects/portfolio-website/dataconnect`\n"}}
[debug] [2026-08-06T01:38:58.586Z] E0805 22:38:58.586404  797570 watch.go:116] watchAllDir unable to walk dir `/home/gui/projects/portfolio-website/dataconnect`: lstat /home/gui/projects/portfolio-website/dataconnect: no such file or directory
E0805 22:38:58.586449  797570 watch.go:40] Failed to load config from "/home/gui/projects/portfolio-website/dataconnect": could not find dataconnect.yaml in `/home/gui/projects/portfolio-website/dataconnect`
 {"metadata":{"emulator":{"name":"dataconnect"},"message":"E0805 22:38:58.586404  797570 watch.go:116] watchAllDir unable to walk dir `/home/gui/projects/portfolio-website/dataconnect`: lstat /home/gui/projects/portfolio-website/dataconnect: no such file or directory\nE0805 22:38:58.586449  797570 watch.go:40] Failed to load config from \"/home/gui/projects/portfolio-website/dataconnect\": could not find dataconnect.yaml in `/home/gui/projects/portfolio-website/dataconnect`\n"}}
[debug] [2026-08-06T01:39:08.594Z] E0805 22:39:08.594390  797570 watch.go:40] Failed to load config from "/home/gui/projects/portfolio-website/dataconnect": could not find dataconnect.yaml in `/home/gui/projects/portfolio-website/dataconnect`
 {"metadata":{"emulator":{"name":"dataconnect"},"message":"E0805 22:39:08.594390  797570 watch.go:40] Failed to load config from \"/home/gui/projects/portfolio-website/dataconnect\": could not find dataconnect.yaml in `/home/gui/projects/portfolio-website/dataconnect`\n"}}
[debug] [2026-08-06T01:39:18.595Z] E0805 22:39:18.595398  797570 watch.go:40] Failed to load config from "/home/gui/projects/portfolio-website/dataconnect": could not find dataconnect.yaml in `/home/gui/projects/portfolio-website/dataconnect`
 {"metadata":{"emulator":{"name":"dataconnect"},"message":"E0805 22:39:18.595398  797570 watch.go:40] Failed to load config from \"/home/gui/projects/portfolio-website/dataconnect\": could not find dataconnect.yaml in `/home/gui/projects/portfolio-website/dataconnect`\n"}}
[debug] [2026-08-06T01:39:28.586Z] E0805 22:39:28.586363  797570 watch.go:40] Failed to load config from "/home/gui/projects/portfolio-website/dataconnect": could not find dataconnect.yaml in `/home/gui/projects/portfolio-website/dataconnect`
 {"metadata":{"emulator":{"name":"dataconnect"},"message":"E0805 22:39:28.586363  797570 watch.go:40] Failed to load config from \"/home/gui/projects/portfolio-website/dataconnect\": could not find dataconnect.yaml in `/home/gui/projects/portfolio-website/dataconnect`\n"}}
[debug] [2026-08-06T01:39:38.585Z] E0805 22:39:38.585510  797570 watch.go:40] Failed to load config from "/home/gui/projects/portfolio-website/dataconnect": could not find dataconnect.yaml in `/home/gui/projects/portfolio-website/dataconnect`
 {"metadata":{"emulator":{"name":"dataconnect"},"message":"E0805 22:39:38.585510  797570 watch.go:40] Failed to load config from \"/home/gui/projects/portfolio-website/dataconnect\": could not find dataconnect.yaml in `/home/gui/projects/portfolio-website/dataconnect`\n"}}
[debug] [2026-08-06T01:39:48.594Z] E0805 22:39:48.594503  797570 watch.go:40] Failed to load config from "/home/gui/projects/portfolio-website/dataconnect": could not find dataconnect.yaml in `/home/gui/projects/portfolio-website/dataconnect`
 {"metadata":{"emulator":{"name":"dataconnect"},"message":"E0805 22:39:48.594503  797570 watch.go:40] Failed to load config from \"/home/gui/projects/portfolio-website/dataconnect\": could not find dataconnect.yaml in `/home/gui/projects/portfolio-website/dataconnect`\n"}}
[debug] [2026-08-06T01:39:58.585Z] E0805 22:39:58.585702  797570 watch.go:40] Failed to load config from "/home/gui/projects/portfolio-website/dataconnect": could not find dataconnect.yaml in `/home/gui/projects/portfolio-website/dataconnect`
E0805 22:39:58.585676  797570 watch.go:116] watchAllDir unable to walk dir `/home/gui/projects/portfolio-website/dataconnect`: lstat /home/gui/projects/portfolio-website/dataconnect: no such file or directory
 {"metadata":{"emulator":{"name":"dataconnect"},"message":"E0805 22:39:58.585702  797570 watch.go:40] Failed to load config from \"/home/gui/projects/portfolio-website/dataconnect\": could not find dataconnect.yaml in `/home/gui/projects/portfolio-website/dataconnect`\nE0805 22:39:58.585676  797570 watch.go:116] watchAllDir unable to walk dir `/home/gui/projects/portfolio-website/dataconnect`: lstat /home/gui/projects/portfolio-website/dataconnect: no such file or directory\n"}}
[debug] [2026-08-06T01:40:08.594Z] E0805 22:40:08.594362  797570 watch.go:40] Failed to load config from "/home/gui/projects/portfolio-website/dataconnect": could not find dataconnect.yaml in `/home/gui/projects/portfolio-website/dataconnect`
 {"metadata":{"emulator":{"name":"dataconnect"},"message":"E0805 22:40:08.594362  797570 watch.go:40] Failed to load config from \"/home/gui/projects/portfolio-website/dataconnect\": could not find dataconnect.yaml in `/home/gui/projects/portfolio-website/dataconnect`\n"}}
[debug] [2026-08-06T01:40:18.595Z] E0805 22:40:18.595386  797570 watch.go:40] Failed to load config from "/home/gui/projects/portfolio-website/dataconnect": could not find dataconnect.yaml in `/home/gui/projects/portfolio-website/dataconnect`
 {"metadata":{"emulator":{"name":"dataconnect"},"message":"E0805 22:40:18.595386  797570 watch.go:40] Failed to load config from \"/home/gui/projects/portfolio-website/dataconnect\": could not find dataconnect.yaml in `/home/gui/projects/portfolio-website/dataconnect`\n"}}
[debug] [2026-08-06T01:40:28.585Z] E0805 22:40:28.585685  797570 watch.go:40] Failed to load config from "/home/gui/projects/portfolio-website/dataconnect": could not find dataconnect.yaml in `/home/gui/projects/portfolio-website/dataconnect`
 {"metadata":{"emulator":{"name":"dataconnect"},"message":"E0805 22:40:28.585685  797570 watch.go:40] Failed to load config from \"/home/gui/projects/portfolio-website/dataconnect\": could not find dataconnect.yaml in `/home/gui/projects/portfolio-website/dataconnect`\n"}}
[debug] [2026-08-06T01:40:38.594Z] E0805 22:40:38.594740  797570 watch.go:40] Failed to load config from "/home/gui/projects/portfolio-website/dataconnect": could not find dataconnect.yaml in `/home/gui/projects/portfolio-website/dataconnect`
 {"metadata":{"emulator":{"name":"dataconnect"},"message":"E0805 22:40:38.594740  797570 watch.go:40] Failed to load config from \"/home/gui/projects/portfolio-website/dataconnect\": could not find dataconnect.yaml in `/home/gui/projects/portfolio-website/dataconnect`\n"}}
[debug] [2026-08-06T01:40:48.594Z] E0805 22:40:48.594367  797570 watch.go:40] Failed to load config from "/home/gui/projects/portfolio-website/dataconnect": could not find dataconnect.yaml in `/home/gui/projects/portfolio-website/dataconnect`
 {"metadata":{"emulator":{"name":"dataconnect"},"message":"E0805 22:40:48.594367  797570 watch.go:40] Failed to load config from \"/home/gui/projects/portfolio-website/dataconnect\": could not find dataconnect.yaml in `/home/gui/projects/portfolio-website/dataconnect`\n"}}
[debug] [2026-08-06T01:40:58.586Z] E0805 22:40:58.586360  797570 watch.go:116] watchAllDir unable to walk dir `/home/gui/projects/portfolio-website/dataconnect`: lstat /home/gui/projects/portfolio-website/dataconnect: no such file or directory
E0805 22:40:58.586403  797570 watch.go:40] Failed to load config from "/home/gui/projects/portfolio-website/dataconnect": could not find dataconnect.yaml in `/home/gui/projects/portfolio-website/dataconnect`
 {"metadata":{"emulator":{"name":"dataconnect"},"message":"E0805 22:40:58.586360  797570 watch.go:116] watchAllDir unable to walk dir `/home/gui/projects/portfolio-website/dataconnect`: lstat /home/gui/projects/portfolio-website/dataconnect: no such file or directory\nE0805 22:40:58.586403  797570 watch.go:40] Failed to load config from \"/home/gui/projects/portfolio-website/dataconnect\": could not find dataconnect.yaml in `/home/gui/projects/portfolio-website/dataconnect`\n"}}
[debug] [2026-08-06T01:41:08.590Z] E0805 22:41:08.590553  797570 watch.go:40] Failed to load config from "/home/gui/projects/portfolio-website/dataconnect": could not find dataconnect.yaml in `/home/gui/projects/portfolio-website/dataconnect`
 {"metadata":{"emulator":{"name":"dataconnect"},"message":"E0805 22:41:08.590553  797570 watch.go:40] Failed to load config from \"/home/gui/projects/portfolio-website/dataconnect\": could not find dataconnect.yaml in `/home/gui/projects/portfolio-website/dataconnect`\n"}}
[debug] [2026-08-06T01:41:18.590Z] E0805 22:41:18.590254  797570 watch.go:40] Failed to load config from "/home/gui/projects/portfolio-website/dataconnect": could not find dataconnect.yaml in `/home/gui/projects/portfolio-website/dataconnect`
 {"metadata":{"emulator":{"name":"dataconnect"},"message":"E0805 22:41:18.590254  797570 watch.go:40] Failed to load config from \"/home/gui/projects/portfolio-website/dataconnect\": could not find dataconnect.yaml in `/home/gui/projects/portfolio-website/dataconnect`\n"}}
[debug] [2026-08-06T01:41:28.585Z] E0805 22:41:28.585576  797570 watch.go:40] Failed to load config from "/home/gui/projects/portfolio-website/dataconnect": could not find dataconnect.yaml in `/home/gui/projects/portfolio-website/dataconnect`
 {"metadata":{"emulator":{"name":"dataconnect"},"message":"E0805 22:41:28.585576  797570 watch.go:40] Failed to load config from \"/home/gui/projects/portfolio-website/dataconnect\": could not find dataconnect.yaml in `/home/gui/projects/portfolio-website/dataconnect`\n"}}
[debug] [2026-08-06T01:41:38.585Z] E0805 22:41:38.585736  797570 watch.go:40] Failed to load config from "/home/gui/projects/portfolio-website/dataconnect": could not find dataconnect.yaml in `/home/gui/projects/portfolio-website/dataconnect`
 {"metadata":{"emulator":{"name":"dataconnect"},"message":"E0805 22:41:38.585736  797570 watch.go:40] Failed to load config from \"/home/gui/projects/portfolio-website/dataconnect\": could not find dataconnect.yaml in `/home/gui/projects/portfolio-website/dataconnect`\n"}}
[debug] [2026-08-06T01:41:48.585Z] E0805 22:41:48.585502  797570 watch.go:40] Failed to load config from "/home/gui/projects/portfolio-website/dataconnect": could not find dataconnect.yaml in `/home/gui/projects/portfolio-website/dataconnect`
 {"metadata":{"emulator":{"name":"dataconnect"},"message":"E0805 22:41:48.585502  797570 watch.go:40] Failed to load config from \"/home/gui/projects/portfolio-website/dataconnect\": could not find dataconnect.yaml in `/home/gui/projects/portfolio-website/dataconnect`\n"}}
[debug] [2026-08-06T01:41:58.586Z] E0805 22:41:58.586075  797570 watch.go:116] watchAllDir unable to walk dir `/home/gui/projects/portfolio-website/dataconnect`: lstat /home/gui/projects/portfolio-website/dataconnect: no such file or directory
 {"metadata":{"emulator":{"name":"dataconnect"},"message":"E0805 22:41:58.586075  797570 watch.go:116] watchAllDir unable to walk dir `/home/gui/projects/portfolio-website/dataconnect`: lstat /home/gui/projects/portfolio-website/dataconnect: no such file or directory\n"}}
[debug] [2026-08-06T01:41:58.586Z] E0805 22:41:58.586140  797570 watch.go:40] Failed to load config from "/home/gui/projects/portfolio-website/dataconnect": could not find dataconnect.yaml in `/home/gui/projects/portfolio-website/dataconnect`
 {"metadata":{"emulator":{"name":"dataconnect"},"message":"E0805 22:41:58.586140  797570 watch.go:40] Failed to load config from \"/home/gui/projects/portfolio-website/dataconnect\": could not find dataconnect.yaml in `/home/gui/projects/portfolio-website/dataconnect`\n"}}
[debug] [2026-08-06T01:42:08.594Z] E0805 22:42:08.594355  797570 watch.go:40] Failed to load config from "/home/gui/projects/portfolio-website/dataconnect": could not find dataconnect.yaml in `/home/gui/projects/portfolio-website/dataconnect`
 {"metadata":{"emulator":{"name":"dataconnect"},"message":"E0805 22:42:08.594355  797570 watch.go:40] Failed to load config from \"/home/gui/projects/portfolio-website/dataconnect\": could not find dataconnect.yaml in `/home/gui/projects/portfolio-website/dataconnect`\n"}}
[debug] [2026-08-06T01:42:18.595Z] E0805 22:42:18.595386  797570 watch.go:40] Failed to load config from "/home/gui/projects/portfolio-website/dataconnect": could not find dataconnect.yaml in `/home/gui/projects/portfolio-website/dataconnect`
 {"metadata":{"emulator":{"name":"dataconnect"},"message":"E0805 22:42:18.595386  797570 watch.go:40] Failed to load config from \"/home/gui/projects/portfolio-website/dataconnect\": could not find dataconnect.yaml in `/home/gui/projects/portfolio-website/dataconnect`\n"}}
[debug] [2026-08-06T01:42:28.586Z] E0805 22:42:28.586358  797570 watch.go:40] Failed to load config from "/home/gui/projects/portfolio-website/dataconnect": could not find dataconnect.yaml in `/home/gui/projects/portfolio-website/dataconnect`
 {"metadata":{"emulator":{"name":"dataconnect"},"message":"E0805 22:42:28.586358  797570 watch.go:40] Failed to load config from \"/home/gui/projects/portfolio-website/dataconnect\": could not find dataconnect.yaml in `/home/gui/projects/portfolio-website/dataconnect`\n"}}
[debug] [2026-08-06T01:42:38.595Z] E0805 22:42:38.595375  797570 watch.go:40] Failed to load config from "/home/gui/projects/portfolio-website/dataconnect": could not find dataconnect.yaml in `/home/gui/projects/portfolio-website/dataconnect`
 {"metadata":{"emulator":{"name":"dataconnect"},"message":"E0805 22:42:38.595375  797570 watch.go:40] Failed to load config from \"/home/gui/projects/portfolio-website/dataconnect\": could not find dataconnect.yaml in `/home/gui/projects/portfolio-website/dataconnect`\n"}}
[debug] [2026-08-06T01:42:48.590Z] E0805 22:42:48.590628  797570 watch.go:40] Failed to load config from "/home/gui/projects/portfolio-website/dataconnect": could not find dataconnect.yaml in `/home/gui/projects/portfolio-website/dataconnect`
 {"metadata":{"emulator":{"name":"dataconnect"},"message":"E0805 22:42:48.590628  797570 watch.go:40] Failed to load config from \"/home/gui/projects/portfolio-website/dataconnect\": could not find dataconnect.yaml in `/home/gui/projects/portfolio-website/dataconnect`\n"}}
[debug] [2026-08-06T01:42:58.586Z] E0805 22:42:58.586655  797570 watch.go:116] watchAllDir unable to walk dir `/home/gui/projects/portfolio-website/dataconnect`: lstat /home/gui/projects/portfolio-website/dataconnect: no such file or directory
 {"metadata":{"emulator":{"name":"dataconnect"},"message":"E0805 22:42:58.586655  797570 watch.go:116] watchAllDir unable to walk dir `/home/gui/projects/portfolio-website/dataconnect`: lstat /home/gui/projects/portfolio-website/dataconnect: no such file or directory\n"}}
[debug] [2026-08-06T01:42:58.587Z] E0805 22:42:58.586727  797570 watch.go:40] Failed to load config from "/home/gui/projects/portfolio-website/dataconnect": could not find dataconnect.yaml in `/home/gui/projects/portfolio-website/dataconnect`
 {"metadata":{"emulator":{"name":"dataconnect"},"message":"E0805 22:42:58.586727  797570 watch.go:40] Failed to load config from \"/home/gui/projects/portfolio-website/dataconnect\": could not find dataconnect.yaml in `/home/gui/projects/portfolio-website/dataconnect`\n"}}
[debug] [2026-08-06T01:43:08.594Z] E0805 22:43:08.594765  797570 watch.go:40] Failed to load config from "/home/gui/projects/portfolio-website/dataconnect": could not find dataconnect.yaml in `/home/gui/projects/portfolio-website/dataconnect`
 {"metadata":{"emulator":{"name":"dataconnect"},"message":"E0805 22:43:08.594765  797570 watch.go:40] Failed to load config from \"/home/gui/projects/portfolio-website/dataconnect\": could not find dataconnect.yaml in `/home/gui/projects/portfolio-website/dataconnect`\n"}}
[debug] [2026-08-06T01:43:18.594Z] E0805 22:43:18.594352  797570 watch.go:40] Failed to load config from "/home/gui/projects/portfolio-website/dataconnect": could not find dataconnect.yaml in `/home/gui/projects/portfolio-website/dataconnect`
 {"metadata":{"emulator":{"name":"dataconnect"},"message":"E0805 22:43:18.594352  797570 watch.go:40] Failed to load config from \"/home/gui/projects/portfolio-website/dataconnect\": could not find dataconnect.yaml in `/home/gui/projects/portfolio-website/dataconnect`\n"}}
[debug] [2026-08-06T01:43:28.586Z] E0805 22:43:28.586358  797570 watch.go:40] Failed to load config from "/home/gui/projects/portfolio-website/dataconnect": could not find dataconnect.yaml in `/home/gui/projects/portfolio-website/dataconnect`
 {"metadata":{"emulator":{"name":"dataconnect"},"message":"E0805 22:43:28.586358  797570 watch.go:40] Failed to load config from \"/home/gui/projects/portfolio-website/dataconnect\": could not find dataconnect.yaml in `/home/gui/projects/portfolio-website/dataconnect`\n"}}
[debug] [2026-08-06T01:43:38.594Z] E0805 22:43:38.594410  797570 watch.go:40] Failed to load config from "/home/gui/projects/portfolio-website/dataconnect": could not find dataconnect.yaml in `/home/gui/projects/portfolio-website/dataconnect`
 {"metadata":{"emulator":{"name":"dataconnect"},"message":"E0805 22:43:38.594410  797570 watch.go:40] Failed to load config from \"/home/gui/projects/portfolio-website/dataconnect\": could not find dataconnect.yaml in `/home/gui/projects/portfolio-website/dataconnect`\n"}}
[debug] [2026-08-06T01:43:48.585Z] E0805 22:43:48.585693  797570 watch.go:40] Failed to load config from "/home/gui/projects/portfolio-website/dataconnect": could not find dataconnect.yaml in `/home/gui/projects/portfolio-website/dataconnect`
 {"metadata":{"emulator":{"name":"dataconnect"},"message":"E0805 22:43:48.585693  797570 watch.go:40] Failed to load config from \"/home/gui/projects/portfolio-website/dataconnect\": could not find dataconnect.yaml in `/home/gui/projects/portfolio-website/dataconnect`\n"}}
[debug] [2026-08-06T01:43:58.586Z] E0805 22:43:58.586371  797570 watch.go:40] Failed to load config from "/home/gui/projects/portfolio-website/dataconnect": could not find dataconnect.yaml in `/home/gui/projects/portfolio-website/dataconnect`
 {"metadata":{"emulator":{"name":"dataconnect"},"message":"E0805 22:43:58.586371  797570 watch.go:40] Failed to load config from \"/home/gui/projects/portfolio-website/dataconnect\": could not find dataconnect.yaml in `/home/gui/projects/portfolio-website/dataconnect`\n"}}
[debug] [2026-08-06T01:43:58.589Z] E0805 22:43:58.586344  797570 watch.go:116] watchAllDir unable to walk dir `/home/gui/projects/portfolio-website/dataconnect`: lstat /home/gui/projects/portfolio-website/dataconnect: no such file or directory
 {"metadata":{"emulator":{"name":"dataconnect"},"message":"E0805 22:43:58.586344  797570 watch.go:116] watchAllDir unable to walk dir `/home/gui/projects/portfolio-website/dataconnect`: lstat /home/gui/projects/portfolio-website/dataconnect: no such file or directory\n"}}
[debug] [2026-08-06T01:44:08.594Z] E0805 22:44:08.594358  797570 watch.go:40] Failed to load config from "/home/gui/projects/portfolio-website/dataconnect": could not find dataconnect.yaml in `/home/gui/projects/portfolio-website/dataconnect`
 {"metadata":{"emulator":{"name":"dataconnect"},"message":"E0805 22:44:08.594358  797570 watch.go:40] Failed to load config from \"/home/gui/projects/portfolio-website/dataconnect\": could not find dataconnect.yaml in `/home/gui/projects/portfolio-website/dataconnect`\n"}}
[debug] [2026-08-06T01:44:18.591Z] E0805 22:44:18.591160  797570 watch.go:40] Failed to load config from "/home/gui/projects/portfolio-website/dataconnect": could not find dataconnect.yaml in `/home/gui/projects/portfolio-website/dataconnect`
 {"metadata":{"emulator":{"name":"dataconnect"},"message":"E0805 22:44:18.591160  797570 watch.go:40] Failed to load config from \"/home/gui/projects/portfolio-website/dataconnect\": could not find dataconnect.yaml in `/home/gui/projects/portfolio-website/dataconnect`\n"}}
[debug] [2026-08-06T01:44:28.586Z] E0805 22:44:28.586501  797570 watch.go:40] Failed to load config from "/home/gui/projects/portfolio-website/dataconnect": could not find dataconnect.yaml in `/home/gui/projects/portfolio-website/dataconnect`
 {"metadata":{"emulator":{"name":"dataconnect"},"message":"E0805 22:44:28.586501  797570 watch.go:40] Failed to load config from \"/home/gui/projects/portfolio-website/dataconnect\": could not find dataconnect.yaml in `/home/gui/projects/portfolio-website/dataconnect`\n"}}
[debug] [2026-08-06T01:44:38.594Z] E0805 22:44:38.593907  797570 watch.go:40] Failed to load config from "/home/gui/projects/portfolio-website/dataconnect": could not find dataconnect.yaml in `/home/gui/projects/portfolio-website/dataconnect`
 {"metadata":{"emulator":{"name":"dataconnect"},"message":"E0805 22:44:38.593907  797570 watch.go:40] Failed to load config from \"/home/gui/projects/portfolio-website/dataconnect\": could not find dataconnect.yaml in `/home/gui/projects/portfolio-website/dataconnect`\n"}}
[debug] [2026-08-06T01:44:48.594Z] E0805 22:44:48.594356  797570 watch.go:40] Failed to load config from "/home/gui/projects/portfolio-website/dataconnect": could not find dataconnect.yaml in `/home/gui/projects/portfolio-website/dataconnect`
 {"metadata":{"emulator":{"name":"dataconnect"},"message":"E0805 22:44:48.594356  797570 watch.go:40] Failed to load config from \"/home/gui/projects/portfolio-website/dataconnect\": could not find dataconnect.yaml in `/home/gui/projects/portfolio-website/dataconnect`\n"}}
[debug] [2026-08-06T01:44:58.586Z] E0805 22:44:58.586003  797570 watch.go:116] watchAllDir unable to walk dir `/home/gui/projects/portfolio-website/dataconnect`: lstat /home/gui/projects/portfolio-website/dataconnect: no such file or directory
E0805 22:44:58.586041  797570 watch.go:40] Failed to load config from "/home/gui/projects/portfolio-website/dataconnect": could not find dataconnect.yaml in `/home/gui/projects/portfolio-website/dataconnect`
 {"metadata":{"emulator":{"name":"dataconnect"},"message":"E0805 22:44:58.586003  797570 watch.go:116] watchAllDir unable to walk dir `/home/gui/projects/portfolio-website/dataconnect`: lstat /home/gui/projects/portfolio-website/dataconnect: no such file or directory\nE0805 22:44:58.586041  797570 watch.go:40] Failed to load config from \"/home/gui/projects/portfolio-website/dataconnect\": could not find dataconnect.yaml in `/home/gui/projects/portfolio-website/dataconnect`\n"}}
[debug] [2026-08-06T01:45:08.594Z] E0805 22:45:08.594357  797570 watch.go:40] Failed to load config from "/home/gui/projects/portfolio-website/dataconnect": could not find dataconnect.yaml in `/home/gui/projects/portfolio-website/dataconnect`
 {"metadata":{"emulator":{"name":"dataconnect"},"message":"E0805 22:45:08.594357  797570 watch.go:40] Failed to load config from \"/home/gui/projects/portfolio-website/dataconnect\": could not find dataconnect.yaml in `/home/gui/projects/portfolio-website/dataconnect`\n"}}
[debug] [2026-08-06T01:45:18.595Z] E0805 22:45:18.595352  797570 watch.go:40] Failed to load config from "/home/gui/projects/portfolio-website/dataconnect": could not find dataconnect.yaml in `/home/gui/projects/portfolio-website/dataconnect`
 {"metadata":{"emulator":{"name":"dataconnect"},"message":"E0805 22:45:18.595352  797570 watch.go:40] Failed to load config from \"/home/gui/projects/portfolio-website/dataconnect\": could not find dataconnect.yaml in `/home/gui/projects/portfolio-website/dataconnect`\n"}}
[debug] [2026-08-06T01:45:28.586Z] E0805 22:45:28.586120  797570 watch.go:40] Failed to load config from "/home/gui/projects/portfolio-website/dataconnect": could not find dataconnect.yaml in `/home/gui/projects/portfolio-website/dataconnect`
 {"metadata":{"emulator":{"name":"dataconnect"},"message":"E0805 22:45:28.586120  797570 watch.go:40] Failed to load config from \"/home/gui/projects/portfolio-website/dataconnect\": could not find dataconnect.yaml in `/home/gui/projects/portfolio-website/dataconnect`\n"}}
[debug] [2026-08-06T01:45:38.594Z] E0805 22:45:38.594358  797570 watch.go:40] Failed to load config from "/home/gui/projects/portfolio-website/dataconnect": could not find dataconnect.yaml in `/home/gui/projects/portfolio-website/dataconnect`
 {"metadata":{"emulator":{"name":"dataconnect"},"message":"E0805 22:45:38.594358  797570 watch.go:40] Failed to load config from \"/home/gui/projects/portfolio-website/dataconnect\": could not find dataconnect.yaml in `/home/gui/projects/portfolio-website/dataconnect`\n"}}
[debug] [2026-08-06T01:45:48.595Z] E0805 22:45:48.595352  797570 watch.go:40] Failed to load config from "/home/gui/projects/portfolio-website/dataconnect": could not find dataconnect.yaml in `/home/gui/projects/portfolio-website/dataconnect`
 {"metadata":{"emulator":{"name":"dataconnect"},"message":"E0805 22:45:48.595352  797570 watch.go:40] Failed to load config from \"/home/gui/projects/portfolio-website/dataconnect\": could not find dataconnect.yaml in `/home/gui/projects/portfolio-website/dataconnect`\n"}}
[debug] [2026-08-06T01:45:58.586Z] E0805 22:45:58.586337  797570 watch.go:116] watchAllDir unable to walk dir `/home/gui/projects/portfolio-website/dataconnect`: lstat /home/gui/projects/portfolio-website/dataconnect: no such file or directory
E0805 22:45:58.586430  797570 watch.go:40] Failed to load config from "/home/gui/projects/portfolio-website/dataconnect": could not find dataconnect.yaml in `/home/gui/projects/portfolio-website/dataconnect`
 {"metadata":{"emulator":{"name":"dataconnect"},"message":"E0805 22:45:58.586337  797570 watch.go:116] watchAllDir unable to walk dir `/home/gui/projects/portfolio-website/dataconnect`: lstat /home/gui/projects/portfolio-website/dataconnect: no such file or directory\nE0805 22:45:58.586430  797570 watch.go:40] Failed to load config from \"/home/gui/projects/portfolio-website/dataconnect\": could not find dataconnect.yaml in `/home/gui/projects/portfolio-website/dataconnect`\n"}}
[debug] [2026-08-06T01:46:08.585Z] E0805 22:46:08.585510  797570 watch.go:40] Failed to load config from "/home/gui/projects/portfolio-website/dataconnect": could not find dataconnect.yaml in `/home/gui/projects/portfolio-website/dataconnect`
 {"metadata":{"emulator":{"name":"dataconnect"},"message":"E0805 22:46:08.585510  797570 watch.go:40] Failed to load config from \"/home/gui/projects/portfolio-website/dataconnect\": could not find dataconnect.yaml in `/home/gui/projects/portfolio-website/dataconnect`\n"}}
[debug] [2026-08-06T01:46:18.594Z] E0805 22:46:18.594353  797570 watch.go:40] Failed to load config from "/home/gui/projects/portfolio-website/dataconnect": could not find dataconnect.yaml in `/home/gui/projects/portfolio-website/dataconnect`
 {"metadata":{"emulator":{"name":"dataconnect"},"message":"E0805 22:46:18.594353  797570 watch.go:40] Failed to load config from \"/home/gui/projects/portfolio-website/dataconnect\": could not find dataconnect.yaml in `/home/gui/projects/portfolio-website/dataconnect`\n"}}
[debug] [2026-08-06T01:46:28.586Z] E0805 22:46:28.586345  797570 watch.go:40] Failed to load config from "/home/gui/projects/portfolio-website/dataconnect": could not find dataconnect.yaml in `/home/gui/projects/portfolio-website/dataconnect`
 {"metadata":{"emulator":{"name":"dataconnect"},"message":"E0805 22:46:28.586345  797570 watch.go:40] Failed to load config from \"/home/gui/projects/portfolio-website/dataconnect\": could not find dataconnect.yaml in `/home/gui/projects/portfolio-website/dataconnect`\n"}}
[debug] [2026-08-06T01:46:38.591Z] E0805 22:46:38.591311  797570 watch.go:40] Failed to load config from "/home/gui/projects/portfolio-website/dataconnect": could not find dataconnect.yaml in `/home/gui/projects/portfolio-website/dataconnect`
 {"metadata":{"emulator":{"name":"dataconnect"},"message":"E0805 22:46:38.591311  797570 watch.go:40] Failed to load config from \"/home/gui/projects/portfolio-website/dataconnect\": could not find dataconnect.yaml in `/home/gui/projects/portfolio-website/dataconnect`\n"}}
[debug] [2026-08-06T01:46:48.594Z] E0805 22:46:48.594374  797570 watch.go:40] Failed to load config from "/home/gui/projects/portfolio-website/dataconnect": could not find dataconnect.yaml in `/home/gui/projects/portfolio-website/dataconnect`
 {"metadata":{"emulator":{"name":"dataconnect"},"message":"E0805 22:46:48.594374  797570 watch.go:40] Failed to load config from \"/home/gui/projects/portfolio-website/dataconnect\": could not find dataconnect.yaml in `/home/gui/projects/portfolio-website/dataconnect`\n"}}
[debug] [2026-08-06T01:46:58.586Z] E0805 22:46:58.586087  797570 watch.go:116] watchAllDir unable to walk dir `/home/gui/projects/portfolio-website/dataconnect`: lstat /home/gui/projects/portfolio-website/dataconnect: no such file or directory
E0805 22:46:58.586142  797570 watch.go:40] Failed to load config from "/home/gui/projects/portfolio-website/dataconnect": could not find dataconnect.yaml in `/home/gui/projects/portfolio-website/dataconnect`
 {"metadata":{"emulator":{"name":"dataconnect"},"message":"E0805 22:46:58.586087  797570 watch.go:116] watchAllDir unable to walk dir `/home/gui/projects/portfolio-website/dataconnect`: lstat /home/gui/projects/portfolio-website/dataconnect: no such file or directory\nE0805 22:46:58.586142  797570 watch.go:40] Failed to load config from \"/home/gui/projects/portfolio-website/dataconnect\": could not find dataconnect.yaml in `/home/gui/projects/portfolio-website/dataconnect`\n"}}
[debug] [2026-08-06T01:47:08.595Z] E0805 22:47:08.594943  797570 watch.go:40] Failed to load config from "/home/gui/projects/portfolio-website/dataconnect": could not find dataconnect.yaml in `/home/gui/projects/portfolio-website/dataconnect`
 {"metadata":{"emulator":{"name":"dataconnect"},"message":"E0805 22:47:08.594943  797570 watch.go:40] Failed to load config from \"/home/gui/projects/portfolio-website/dataconnect\": could not find dataconnect.yaml in `/home/gui/projects/portfolio-website/dataconnect`\n"}}
[debug] [2026-08-06T01:47:18.594Z] E0805 22:47:18.594351  797570 watch.go:40] Failed to load config from "/home/gui/projects/portfolio-website/dataconnect": could not find dataconnect.yaml in `/home/gui/projects/portfolio-website/dataconnect`
 {"metadata":{"emulator":{"name":"dataconnect"},"message":"E0805 22:47:18.594351  797570 watch.go:40] Failed to load config from \"/home/gui/projects/portfolio-website/dataconnect\": could not find dataconnect.yaml in `/home/gui/projects/portfolio-website/dataconnect`\n"}}
[debug] [2026-08-06T01:47:28.586Z] E0805 22:47:28.586344  797570 watch.go:40] Failed to load config from "/home/gui/projects/portfolio-website/dataconnect": could not find dataconnect.yaml in `/home/gui/projects/portfolio-website/dataconnect`
 {"metadata":{"emulator":{"name":"dataconnect"},"message":"E0805 22:47:28.586344  797570 watch.go:40] Failed to load config from \"/home/gui/projects/portfolio-website/dataconnect\": could not find dataconnect.yaml in `/home/gui/projects/portfolio-website/dataconnect`\n"}}
[debug] [2026-08-06T01:47:38.595Z] E0805 22:47:38.595390  797570 watch.go:40] Failed to load config from "/home/gui/projects/portfolio-website/dataconnect": could not find dataconnect.yaml in `/home/gui/projects/portfolio-website/dataconnect`
 {"metadata":{"emulator":{"name":"dataconnect"},"message":"E0805 22:47:38.595390  797570 watch.go:40] Failed to load config from \"/home/gui/projects/portfolio-website/dataconnect\": could not find dataconnect.yaml in `/home/gui/projects/portfolio-website/dataconnect`\n"}}
[debug] [2026-08-06T01:47:48.594Z] E0805 22:47:48.594409  797570 watch.go:40] Failed to load config from "/home/gui/projects/portfolio-website/dataconnect": could not find dataconnect.yaml in `/home/gui/projects/portfolio-website/dataconnect`
 {"metadata":{"emulator":{"name":"dataconnect"},"message":"E0805 22:47:48.594409  797570 watch.go:40] Failed to load config from \"/home/gui/projects/portfolio-website/dataconnect\": could not find dataconnect.yaml in `/home/gui/projects/portfolio-website/dataconnect`\n"}}
[debug] [2026-08-06T01:47:58.586Z] E0805 22:47:58.586519  797570 watch.go:116] watchAllDir unable to walk dir `/home/gui/projects/portfolio-website/dataconnect`: lstat /home/gui/projects/portfolio-website/dataconnect: no such file or directory
E0805 22:47:58.586659  797570 watch.go:40] Failed to load config from "/home/gui/projects/portfolio-website/dataconnect": could not find dataconnect.yaml in `/home/gui/projects/portfolio-website/dataconnect`
 {"metadata":{"emulator":{"name":"dataconnect"},"message":"E0805 22:47:58.586519  797570 watch.go:116] watchAllDir unable to walk dir `/home/gui/projects/portfolio-website/dataconnect`: lstat /home/gui/projects/portfolio-website/dataconnect: no such file or directory\nE0805 22:47:58.586659  797570 watch.go:40] Failed to load config from \"/home/gui/projects/portfolio-website/dataconnect\": could not find dataconnect.yaml in `/home/gui/projects/portfolio-website/dataconnect`\n"}}
[debug] [2026-08-06T01:48:08.585Z] E0805 22:48:08.585736  797570 watch.go:40] Failed to load config from "/home/gui/projects/portfolio-website/dataconnect": could not find dataconnect.yaml in `/home/gui/projects/portfolio-website/dataconnect`
 {"metadata":{"emulator":{"name":"dataconnect"},"message":"E0805 22:48:08.585736  797570 watch.go:40] Failed to load config from \"/home/gui/projects/portfolio-website/dataconnect\": could not find dataconnect.yaml in `/home/gui/projects/portfolio-website/dataconnect`\n"}}
[debug] [2026-08-06T01:48:18.585Z] E0805 22:48:18.585482  797570 watch.go:40] Failed to load config from "/home/gui/projects/portfolio-website/dataconnect": could not find dataconnect.yaml in `/home/gui/projects/portfolio-website/dataconnect`
 {"metadata":{"emulator":{"name":"dataconnect"},"message":"E0805 22:48:18.585482  797570 watch.go:40] Failed to load config from \"/home/gui/projects/portfolio-website/dataconnect\": could not find dataconnect.yaml in `/home/gui/projects/portfolio-website/dataconnect`\n"}}
[debug] [2026-08-06T01:48:28.586Z] E0805 22:48:28.586365  797570 watch.go:40] Failed to load config from "/home/gui/projects/portfolio-website/dataconnect": could not find dataconnect.yaml in `/home/gui/projects/portfolio-website/dataconnect`
 {"metadata":{"emulator":{"name":"dataconnect"},"message":"E0805 22:48:28.586365  797570 watch.go:40] Failed to load config from \"/home/gui/projects/portfolio-website/dataconnect\": could not find dataconnect.yaml in `/home/gui/projects/portfolio-website/dataconnect`\n"}}
[debug] [2026-08-06T01:48:38.595Z] E0805 22:48:38.595407  797570 watch.go:40] Failed to load config from "/home/gui/projects/portfolio-website/dataconnect": could not find dataconnect.yaml in `/home/gui/projects/portfolio-website/dataconnect`
 {"metadata":{"emulator":{"name":"dataconnect"},"message":"E0805 22:48:38.595407  797570 watch.go:40] Failed to load config from \"/home/gui/projects/portfolio-website/dataconnect\": could not find dataconnect.yaml in `/home/gui/projects/portfolio-website/dataconnect`\n"}}
[debug] [2026-08-06T01:48:48.594Z] E0805 22:48:48.594431  797570 watch.go:40] Failed to load config from "/home/gui/projects/portfolio-website/dataconnect": could not find dataconnect.yaml in `/home/gui/projects/portfolio-website/dataconnect`
 {"metadata":{"emulator":{"name":"dataconnect"},"message":"E0805 22:48:48.594431  797570 watch.go:40] Failed to load config from \"/home/gui/projects/portfolio-website/dataconnect\": could not find dataconnect.yaml in `/home/gui/projects/portfolio-website/dataconnect`\n"}}
[debug] [2026-08-06T01:48:58.585Z] E0805 22:48:58.585719  797570 watch.go:116] watchAllDir unable to walk dir `/home/gui/projects/portfolio-website/dataconnect`: lstat /home/gui/projects/portfolio-website/dataconnect: no such file or directory
E0805 22:48:58.585762  797570 watch.go:40] Failed to load config from "/home/gui/projects/portfolio-website/dataconnect": could not find dataconnect.yaml in `/home/gui/projects/portfolio-website/dataconnect`
 {"metadata":{"emulator":{"name":"dataconnect"},"message":"E0805 22:48:58.585719  797570 watch.go:116] watchAllDir unable to walk dir `/home/gui/projects/portfolio-website/dataconnect`: lstat /home/gui/projects/portfolio-website/dataconnect: no such file or directory\nE0805 22:48:58.585762  797570 watch.go:40] Failed to load config from \"/home/gui/projects/portfolio-website/dataconnect\": could not find dataconnect.yaml in `/home/gui/projects/portfolio-website/dataconnect`\n"}}
[debug] [2026-08-06T01:49:08.594Z] E0805 22:49:08.594363  797570 watch.go:40] Failed to load config from "/home/gui/projects/portfolio-website/dataconnect": could not find dataconnect.yaml in `/home/gui/projects/portfolio-website/dataconnect`
 {"metadata":{"emulator":{"name":"dataconnect"},"message":"E0805 22:49:08.594363  797570 watch.go:40] Failed to load config from \"/home/gui/projects/portfolio-website/dataconnect\": could not find dataconnect.yaml in `/home/gui/projects/portfolio-website/dataconnect`\n"}}
[debug] [2026-08-06T01:49:18.595Z] E0805 22:49:18.595391  797570 watch.go:40] Failed to load config from "/home/gui/projects/portfolio-website/dataconnect": could not find dataconnect.yaml in `/home/gui/projects/portfolio-website/dataconnect`
 {"metadata":{"emulator":{"name":"dataconnect"},"message":"E0805 22:49:18.595391  797570 watch.go:40] Failed to load config from \"/home/gui/projects/portfolio-website/dataconnect\": could not find dataconnect.yaml in `/home/gui/projects/portfolio-website/dataconnect`\n"}}
[debug] [2026-08-06T01:49:28.586Z] E0805 22:49:28.585920  797570 watch.go:40] Failed to load config from "/home/gui/projects/portfolio-website/dataconnect": could not find dataconnect.yaml in `/home/gui/projects/portfolio-website/dataconnect`
 {"metadata":{"emulator":{"name":"dataconnect"},"message":"E0805 22:49:28.585920  797570 watch.go:40] Failed to load config from \"/home/gui/projects/portfolio-website/dataconnect\": could not find dataconnect.yaml in `/home/gui/projects/portfolio-website/dataconnect`\n"}}
[debug] [2026-08-06T01:49:38.595Z] E0805 22:49:38.594948  797570 watch.go:40] Failed to load config from "/home/gui/projects/portfolio-website/dataconnect": could not find dataconnect.yaml in `/home/gui/projects/portfolio-website/dataconnect`
 {"metadata":{"emulator":{"name":"dataconnect"},"message":"E0805 22:49:38.594948  797570 watch.go:40] Failed to load config from \"/home/gui/projects/portfolio-website/dataconnect\": could not find dataconnect.yaml in `/home/gui/projects/portfolio-website/dataconnect`\n"}}
[debug] [2026-08-06T01:49:48.594Z] E0805 22:49:48.594355  797570 watch.go:40] Failed to load config from "/home/gui/projects/portfolio-website/dataconnect": could not find dataconnect.yaml in `/home/gui/projects/portfolio-website/dataconnect`
 {"metadata":{"emulator":{"name":"dataconnect"},"message":"E0805 22:49:48.594355  797570 watch.go:40] Failed to load config from \"/home/gui/projects/portfolio-website/dataconnect\": could not find dataconnect.yaml in `/home/gui/projects/portfolio-website/dataconnect`\n"}}
[debug] [2026-08-06T01:49:58.586Z] E0805 22:49:58.586359  797570 watch.go:116] watchAllDir unable to walk dir `/home/gui/projects/portfolio-website/dataconnect`: lstat /home/gui/projects/portfolio-website/dataconnect: no such file or directory
E0805 22:49:58.586380  797570 watch.go:40] Failed to load config from "/home/gui/projects/portfolio-website/dataconnect": could not find dataconnect.yaml in `/home/gui/projects/portfolio-website/dataconnect`
 {"metadata":{"emulator":{"name":"dataconnect"},"message":"E0805 22:49:58.586359  797570 watch.go:116] watchAllDir unable to walk dir `/home/gui/projects/portfolio-website/dataconnect`: lstat /home/gui/projects/portfolio-website/dataconnect: no such file or directory\nE0805 22:49:58.586380  797570 watch.go:40] Failed to load config from \"/home/gui/projects/portfolio-website/dataconnect\": could not find dataconnect.yaml in `/home/gui/projects/portfolio-website/dataconnect`\n"}}
[debug] [2026-08-06T01:50:08.594Z] E0805 22:50:08.594354  797570 watch.go:40] Failed to load config from "/home/gui/projects/portfolio-website/dataconnect": could not find dataconnect.yaml in `/home/gui/projects/portfolio-website/dataconnect`
 {"metadata":{"emulator":{"name":"dataconnect"},"message":"E0805 22:50:08.594354  797570 watch.go:40] Failed to load config from \"/home/gui/projects/portfolio-website/dataconnect\": could not find dataconnect.yaml in `/home/gui/projects/portfolio-website/dataconnect`\n"}}
[debug] [2026-08-06T01:50:18.585Z] E0805 22:50:18.585696  797570 watch.go:40] Failed to load config from "/home/gui/projects/portfolio-website/dataconnect": could not find dataconnect.yaml in `/home/gui/projects/portfolio-website/dataconnect`
 {"metadata":{"emulator":{"name":"dataconnect"},"message":"E0805 22:50:18.585696  797570 watch.go:40] Failed to load config from \"/home/gui/projects/portfolio-website/dataconnect\": could not find dataconnect.yaml in `/home/gui/projects/portfolio-website/dataconnect`\n"}}
[debug] [2026-08-06T01:50:28.586Z] E0805 22:50:28.586380  797570 watch.go:40] Failed to load config from "/home/gui/projects/portfolio-website/dataconnect": could not find dataconnect.yaml in `/home/gui/projects/portfolio-website/dataconnect`
 {"metadata":{"emulator":{"name":"dataconnect"},"message":"E0805 22:50:28.586380  797570 watch.go:40] Failed to load config from \"/home/gui/projects/portfolio-website/dataconnect\": could not find dataconnect.yaml in `/home/gui/projects/portfolio-website/dataconnect`\n"}}
[debug] [2026-08-06T01:50:38.588Z] E0805 22:50:38.588207  797570 watch.go:40] Failed to load config from "/home/gui/projects/portfolio-website/dataconnect": could not find dataconnect.yaml in `/home/gui/projects/portfolio-website/dataconnect`
 {"metadata":{"emulator":{"name":"dataconnect"},"message":"E0805 22:50:38.588207  797570 watch.go:40] Failed to load config from \"/home/gui/projects/portfolio-website/dataconnect\": could not find dataconnect.yaml in `/home/gui/projects/portfolio-website/dataconnect`\n"}}
[debug] [2026-08-06T01:50:48.594Z] E0805 22:50:48.594360  797570 watch.go:40] Failed to load config from "/home/gui/projects/portfolio-website/dataconnect": could not find dataconnect.yaml in `/home/gui/projects/portfolio-website/dataconnect`
 {"metadata":{"emulator":{"name":"dataconnect"},"message":"E0805 22:50:48.594360  797570 watch.go:40] Failed to load config from \"/home/gui/projects/portfolio-website/dataconnect\": could not find dataconnect.yaml in `/home/gui/projects/portfolio-website/dataconnect`\n"}}
[debug] [2026-08-06T01:50:58.585Z] E0805 22:50:58.585755  797570 watch.go:40] Failed to load config from "/home/gui/projects/portfolio-website/dataconnect": could not find dataconnect.yaml in `/home/gui/projects/portfolio-website/dataconnect`
E0805 22:50:58.585738  797570 watch.go:116] watchAllDir unable to walk dir `/home/gui/projects/portfolio-website/dataconnect`: lstat /home/gui/projects/portfolio-website/dataconnect: no such file or directory
 {"metadata":{"emulator":{"name":"dataconnect"},"message":"E0805 22:50:58.585755  797570 watch.go:40] Failed to load config from \"/home/gui/projects/portfolio-website/dataconnect\": could not find dataconnect.yaml in `/home/gui/projects/portfolio-website/dataconnect`\nE0805 22:50:58.585738  797570 watch.go:116] watchAllDir unable to walk dir `/home/gui/projects/portfolio-website/dataconnect`: lstat /home/gui/projects/portfolio-website/dataconnect: no such file or directory\n"}}
[debug] [2026-08-06T01:51:08.594Z] E0805 22:51:08.594808  797570 watch.go:40] Failed to load config from "/home/gui/projects/portfolio-website/dataconnect": could not find dataconnect.yaml in `/home/gui/projects/portfolio-website/dataconnect`
 {"metadata":{"emulator":{"name":"dataconnect"},"message":"E0805 22:51:08.594808  797570 watch.go:40] Failed to load config from \"/home/gui/projects/portfolio-website/dataconnect\": could not find dataconnect.yaml in `/home/gui/projects/portfolio-website/dataconnect`\n"}}
[debug] [2026-08-06T01:51:18.594Z] E0805 22:51:18.594391  797570 watch.go:40] Failed to load config from "/home/gui/projects/portfolio-website/dataconnect": could not find dataconnect.yaml in `/home/gui/projects/portfolio-website/dataconnect`
 {"metadata":{"emulator":{"name":"dataconnect"},"message":"E0805 22:51:18.594391  797570 watch.go:40] Failed to load config from \"/home/gui/projects/portfolio-website/dataconnect\": could not find dataconnect.yaml in `/home/gui/projects/portfolio-website/dataconnect`\n"}}
[debug] [2026-08-06T01:51:28.586Z] E0805 22:51:28.586373  797570 watch.go:40] Failed to load config from "/home/gui/projects/portfolio-website/dataconnect": could not find dataconnect.yaml in `/home/gui/projects/portfolio-website/dataconnect`
 {"metadata":{"emulator":{"name":"dataconnect"},"message":"E0805 22:51:28.586373  797570 watch.go:40] Failed to load config from \"/home/gui/projects/portfolio-website/dataconnect\": could not find dataconnect.yaml in `/home/gui/projects/portfolio-website/dataconnect`\n"}}
[debug] [2026-08-06T01:51:38.594Z] E0805 22:51:38.594433  797570 watch.go:40] Failed to load config from "/home/gui/projects/portfolio-website/dataconnect": could not find dataconnect.yaml in `/home/gui/projects/portfolio-website/dataconnect`
 {"metadata":{"emulator":{"name":"dataconnect"},"message":"E0805 22:51:38.594433  797570 watch.go:40] Failed to load config from \"/home/gui/projects/portfolio-website/dataconnect\": could not find dataconnect.yaml in `/home/gui/projects/portfolio-website/dataconnect`\n"}}
[debug] [2026-08-06T01:51:48.594Z] E0805 22:51:48.594361  797570 watch.go:40] Failed to load config from "/home/gui/projects/portfolio-website/dataconnect": could not find dataconnect.yaml in `/home/gui/projects/portfolio-website/dataconnect`
 {"metadata":{"emulator":{"name":"dataconnect"},"message":"E0805 22:51:48.594361  797570 watch.go:40] Failed to load config from \"/home/gui/projects/portfolio-website/dataconnect\": could not find dataconnect.yaml in `/home/gui/projects/portfolio-website/dataconnect`\n"}}
[debug] [2026-08-06T01:51:58.586Z] E0805 22:51:58.586386  797570 watch.go:116] watchAllDir unable to walk dir `/home/gui/projects/portfolio-website/dataconnect`: lstat /home/gui/projects/portfolio-website/dataconnect: no such file or directory
E0805 22:51:58.586432  797570 watch.go:40] Failed to load config from "/home/gui/projects/portfolio-website/dataconnect": could not find dataconnect.yaml in `/home/gui/projects/portfolio-website/dataconnect`
 {"metadata":{"emulator":{"name":"dataconnect"},"message":"E0805 22:51:58.586386  797570 watch.go:116] watchAllDir unable to walk dir `/home/gui/projects/portfolio-website/dataconnect`: lstat /home/gui/projects/portfolio-website/dataconnect: no such file or directory\nE0805 22:51:58.586432  797570 watch.go:40] Failed to load config from \"/home/gui/projects/portfolio-website/dataconnect\": could not find dataconnect.yaml in `/home/gui/projects/portfolio-website/dataconnect`\n"}}
[debug] [2026-08-06T01:52:08.594Z] E0805 22:52:08.594543  797570 watch.go:40] Failed to load config from "/home/gui/projects/portfolio-website/dataconnect": could not find dataconnect.yaml in `/home/gui/projects/portfolio-website/dataconnect`
 {"metadata":{"emulator":{"name":"dataconnect"},"message":"E0805 22:52:08.594543  797570 watch.go:40] Failed to load config from \"/home/gui/projects/portfolio-website/dataconnect\": could not find dataconnect.yaml in `/home/gui/projects/portfolio-website/dataconnect`\n"}}
[debug] [2026-08-06T01:52:18.594Z] E0805 22:52:18.594567  797570 watch.go:40] Failed to load config from "/home/gui/projects/portfolio-website/dataconnect": could not find dataconnect.yaml in `/home/gui/projects/portfolio-website/dataconnect`
 {"metadata":{"emulator":{"name":"dataconnect"},"message":"E0805 22:52:18.594567  797570 watch.go:40] Failed to load config from \"/home/gui/projects/portfolio-website/dataconnect\": could not find dataconnect.yaml in `/home/gui/projects/portfolio-website/dataconnect`\n"}}
[debug] [2026-08-06T01:52:28.587Z] E0805 22:52:28.586345  797570 watch.go:40] Failed to load config from "/home/gui/projects/portfolio-website/dataconnect": could not find dataconnect.yaml in `/home/gui/projects/portfolio-website/dataconnect`
 {"metadata":{"emulator":{"name":"dataconnect"},"message":"E0805 22:52:28.586345  797570 watch.go:40] Failed to load config from \"/home/gui/projects/portfolio-website/dataconnect\": could not find dataconnect.yaml in `/home/gui/projects/portfolio-website/dataconnect`\n"}}
[debug] [2026-08-06T01:52:38.595Z] E0805 22:52:38.595400  797570 watch.go:40] Failed to load config from "/home/gui/projects/portfolio-website/dataconnect": could not find dataconnect.yaml in `/home/gui/projects/portfolio-website/dataconnect`
 {"metadata":{"emulator":{"name":"dataconnect"},"message":"E0805 22:52:38.595400  797570 watch.go:40] Failed to load config from \"/home/gui/projects/portfolio-website/dataconnect\": could not find dataconnect.yaml in `/home/gui/projects/portfolio-website/dataconnect`\n"}}
[debug] [2026-08-06T01:52:48.594Z] E0805 22:52:48.594426  797570 watch.go:40] Failed to load config from "/home/gui/projects/portfolio-website/dataconnect": could not find dataconnect.yaml in `/home/gui/projects/portfolio-website/dataconnect`
 {"metadata":{"emulator":{"name":"dataconnect"},"message":"E0805 22:52:48.594426  797570 watch.go:40] Failed to load config from \"/home/gui/projects/portfolio-website/dataconnect\": could not find dataconnect.yaml in `/home/gui/projects/portfolio-website/dataconnect`\n"}}
[debug] [2026-08-06T01:52:58.586Z] E0805 22:52:58.586451  797570 watch.go:116] watchAllDir unable to walk dir `/home/gui/projects/portfolio-website/dataconnect`: lstat /home/gui/projects/portfolio-website/dataconnect: no such file or directory
E0805 22:52:58.586479  797570 watch.go:40] Failed to load config from "/home/gui/projects/portfolio-website/dataconnect": could not find dataconnect.yaml in `/home/gui/projects/portfolio-website/dataconnect`
 {"metadata":{"emulator":{"name":"dataconnect"},"message":"E0805 22:52:58.586451  797570 watch.go:116] watchAllDir unable to walk dir `/home/gui/projects/portfolio-website/dataconnect`: lstat /home/gui/projects/portfolio-website/dataconnect: no such file or directory\nE0805 22:52:58.586479  797570 watch.go:40] Failed to load config from \"/home/gui/projects/portfolio-website/dataconnect\": could not find dataconnect.yaml in `/home/gui/projects/portfolio-website/dataconnect`\n"}}
[debug] [2026-08-06T01:53:08.594Z] E0805 22:53:08.594355  797570 watch.go:40] Failed to load config from "/home/gui/projects/portfolio-website/dataconnect": could not find dataconnect.yaml in `/home/gui/projects/portfolio-website/dataconnect`
 {"metadata":{"emulator":{"name":"dataconnect"},"message":"E0805 22:53:08.594355  797570 watch.go:40] Failed to load config from \"/home/gui/projects/portfolio-website/dataconnect\": could not find dataconnect.yaml in `/home/gui/projects/portfolio-website/dataconnect`\n"}}
[debug] [2026-08-06T01:53:18.595Z] E0805 22:53:18.595389  797570 watch.go:40] Failed to load config from "/home/gui/projects/portfolio-website/dataconnect": could not find dataconnect.yaml in `/home/gui/projects/portfolio-website/dataconnect`
 {"metadata":{"emulator":{"name":"dataconnect"},"message":"E0805 22:53:18.595389  797570 watch.go:40] Failed to load config from \"/home/gui/projects/portfolio-website/dataconnect\": could not find dataconnect.yaml in `/home/gui/projects/portfolio-website/dataconnect`\n"}}
[debug] [2026-08-06T01:53:28.586Z] E0805 22:53:28.586424  797570 watch.go:40] Failed to load config from "/home/gui/projects/portfolio-website/dataconnect": could not find dataconnect.yaml in `/home/gui/projects/portfolio-website/dataconnect`
 {"metadata":{"emulator":{"name":"dataconnect"},"message":"E0805 22:53:28.586424  797570 watch.go:40] Failed to load config from \"/home/gui/projects/portfolio-website/dataconnect\": could not find dataconnect.yaml in `/home/gui/projects/portfolio-website/dataconnect`\n"}}
[debug] [2026-08-06T01:53:38.590Z] E0805 22:53:38.590742  797570 watch.go:40] Failed to load config from "/home/gui/projects/portfolio-website/dataconnect": could not find dataconnect.yaml in `/home/gui/projects/portfolio-website/dataconnect`
 {"metadata":{"emulator":{"name":"dataconnect"},"message":"E0805 22:53:38.590742  797570 watch.go:40] Failed to load config from \"/home/gui/projects/portfolio-website/dataconnect\": could not find dataconnect.yaml in `/home/gui/projects/portfolio-website/dataconnect`\n"}}
[debug] [2026-08-06T01:53:48.594Z] E0805 22:53:48.594810  797570 watch.go:40] Failed to load config from "/home/gui/projects/portfolio-website/dataconnect": could not find dataconnect.yaml in `/home/gui/projects/portfolio-website/dataconnect`
 {"metadata":{"emulator":{"name":"dataconnect"},"message":"E0805 22:53:48.594810  797570 watch.go:40] Failed to load config from \"/home/gui/projects/portfolio-website/dataconnect\": could not find dataconnect.yaml in `/home/gui/projects/portfolio-website/dataconnect`\n"}}
[debug] [2026-08-06T01:53:58.586Z] E0805 22:53:58.586342  797570 watch.go:116] watchAllDir unable to walk dir `/home/gui/projects/portfolio-website/dataconnect`: lstat /home/gui/projects/portfolio-website/dataconnect: no such file or directory
 {"metadata":{"emulator":{"name":"dataconnect"},"message":"E0805 22:53:58.586342  797570 watch.go:116] watchAllDir unable to walk dir `/home/gui/projects/portfolio-website/dataconnect`: lstat /home/gui/projects/portfolio-website/dataconnect: no such file or directory\n"}}
[debug] [2026-08-06T01:53:58.586Z] E0805 22:53:58.586405  797570 watch.go:40] Failed to load config from "/home/gui/projects/portfolio-website/dataconnect": could not find dataconnect.yaml in `/home/gui/projects/portfolio-website/dataconnect`
 {"metadata":{"emulator":{"name":"dataconnect"},"message":"E0805 22:53:58.586405  797570 watch.go:40] Failed to load config from \"/home/gui/projects/portfolio-website/dataconnect\": could not find dataconnect.yaml in `/home/gui/projects/portfolio-website/dataconnect`\n"}}
[debug] [2026-08-06T01:54:08.594Z] E0805 22:54:08.594353  797570 watch.go:40] Failed to load config from "/home/gui/projects/portfolio-website/dataconnect": could not find dataconnect.yaml in `/home/gui/projects/portfolio-website/dataconnect`
 {"metadata":{"emulator":{"name":"dataconnect"},"message":"E0805 22:54:08.594353  797570 watch.go:40] Failed to load config from \"/home/gui/projects/portfolio-website/dataconnect\": could not find dataconnect.yaml in `/home/gui/projects/portfolio-website/dataconnect`\n"}}
[debug] [2026-08-06T01:54:18.595Z] E0805 22:54:18.595385  797570 watch.go:40] Failed to load config from "/home/gui/projects/portfolio-website/dataconnect": could not find dataconnect.yaml in `/home/gui/projects/portfolio-website/dataconnect`
 {"metadata":{"emulator":{"name":"dataconnect"},"message":"E0805 22:54:18.595385  797570 watch.go:40] Failed to load config from \"/home/gui/projects/portfolio-website/dataconnect\": could not find dataconnect.yaml in `/home/gui/projects/portfolio-website/dataconnect`\n"}}
[debug] [2026-08-06T01:54:28.586Z] E0805 22:54:28.586436  797570 watch.go:40] Failed to load config from "/home/gui/projects/portfolio-website/dataconnect": could not find dataconnect.yaml in `/home/gui/projects/portfolio-website/dataconnect`
 {"metadata":{"emulator":{"name":"dataconnect"},"message":"E0805 22:54:28.586436  797570 watch.go:40] Failed to load config from \"/home/gui/projects/portfolio-website/dataconnect\": could not find dataconnect.yaml in `/home/gui/projects/portfolio-website/dataconnect`\n"}}
[debug] [2026-08-06T01:54:38.585Z] E0805 22:54:38.585723  797570 watch.go:40] Failed to load config from "/home/gui/projects/portfolio-website/dataconnect": could not find dataconnect.yaml in `/home/gui/projects/portfolio-website/dataconnect`
 {"metadata":{"emulator":{"name":"dataconnect"},"message":"E0805 22:54:38.585723  797570 watch.go:40] Failed to load config from \"/home/gui/projects/portfolio-website/dataconnect\": could not find dataconnect.yaml in `/home/gui/projects/portfolio-website/dataconnect`\n"}}
[debug] [2026-08-06T01:54:48.585Z] E0805 22:54:48.585480  797570 watch.go:40] Failed to load config from "/home/gui/projects/portfolio-website/dataconnect": could not find dataconnect.yaml in `/home/gui/projects/portfolio-website/dataconnect`
 {"metadata":{"emulator":{"name":"dataconnect"},"message":"E0805 22:54:48.585480  797570 watch.go:40] Failed to load config from \"/home/gui/projects/portfolio-website/dataconnect\": could not find dataconnect.yaml in `/home/gui/projects/portfolio-website/dataconnect`\n"}}
[debug] [2026-08-06T01:54:58.586Z] E0805 22:54:58.586355  797570 watch.go:116] watchAllDir unable to walk dir `/home/gui/projects/portfolio-website/dataconnect`: lstat /home/gui/projects/portfolio-website/dataconnect: no such file or directory
E0805 22:54:58.586388  797570 watch.go:40] Failed to load config from "/home/gui/projects/portfolio-website/dataconnect": could not find dataconnect.yaml in `/home/gui/projects/portfolio-website/dataconnect`
 {"metadata":{"emulator":{"name":"dataconnect"},"message":"E0805 22:54:58.586355  797570 watch.go:116] watchAllDir unable to walk dir `/home/gui/projects/portfolio-website/dataconnect`: lstat /home/gui/projects/portfolio-website/dataconnect: no such file or directory\nE0805 22:54:58.586388  797570 watch.go:40] Failed to load config from \"/home/gui/projects/portfolio-website/dataconnect\": could not find dataconnect.yaml in `/home/gui/projects/portfolio-website/dataconnect`\n"}}
[debug] [2026-08-06T01:55:08.594Z] E0805 22:55:08.594445  797570 watch.go:40] Failed to load config from "/home/gui/projects/portfolio-website/dataconnect": could not find dataconnect.yaml in `/home/gui/projects/portfolio-website/dataconnect`
 {"metadata":{"emulator":{"name":"dataconnect"},"message":"E0805 22:55:08.594445  797570 watch.go:40] Failed to load config from \"/home/gui/projects/portfolio-website/dataconnect\": could not find dataconnect.yaml in `/home/gui/projects/portfolio-website/dataconnect`\n"}}
[debug] [2026-08-06T01:55:18.594Z] E0805 22:55:18.594352  797570 watch.go:40] Failed to load config from "/home/gui/projects/portfolio-website/dataconnect": could not find dataconnect.yaml in `/home/gui/projects/portfolio-website/dataconnect`
 {"metadata":{"emulator":{"name":"dataconnect"},"message":"E0805 22:55:18.594352  797570 watch.go:40] Failed to load config from \"/home/gui/projects/portfolio-website/dataconnect\": could not find dataconnect.yaml in `/home/gui/projects/portfolio-website/dataconnect`\n"}}
[debug] [2026-08-06T01:55:28.586Z] E0805 22:55:28.586368  797570 watch.go:40] Failed to load config from "/home/gui/projects/portfolio-website/dataconnect": could not find dataconnect.yaml in `/home/gui/projects/portfolio-website/dataconnect`
 {"metadata":{"emulator":{"name":"dataconnect"},"message":"E0805 22:55:28.586368  797570 watch.go:40] Failed to load config from \"/home/gui/projects/portfolio-website/dataconnect\": could not find dataconnect.yaml in `/home/gui/projects/portfolio-website/dataconnect`\n"}}
[debug] [2026-08-06T01:55:38.586Z] E0805 22:55:38.586347  797570 watch.go:40] Failed to load config from "/home/gui/projects/portfolio-website/dataconnect": could not find dataconnect.yaml in `/home/gui/projects/portfolio-website/dataconnect`
 {"metadata":{"emulator":{"name":"dataconnect"},"message":"E0805 22:55:38.586347  797570 watch.go:40] Failed to load config from \"/home/gui/projects/portfolio-website/dataconnect\": could not find dataconnect.yaml in `/home/gui/projects/portfolio-website/dataconnect`\n"}}
[debug] [2026-08-06T01:55:48.595Z] E0805 22:55:48.595402  797570 watch.go:40] Failed to load config from "/home/gui/projects/portfolio-website/dataconnect": could not find dataconnect.yaml in `/home/gui/projects/portfolio-website/dataconnect`
 {"metadata":{"emulator":{"name":"dataconnect"},"message":"E0805 22:55:48.595402  797570 watch.go:40] Failed to load config from \"/home/gui/projects/portfolio-website/dataconnect\": could not find dataconnect.yaml in `/home/gui/projects/portfolio-website/dataconnect`\n"}}
[debug] [2026-08-06T01:55:58.586Z] E0805 22:55:58.586408  797570 watch.go:116] watchAllDir unable to walk dir `/home/gui/projects/portfolio-website/dataconnect`: lstat /home/gui/projects/portfolio-website/dataconnect: no such file or directory
 {"metadata":{"emulator":{"name":"dataconnect"},"message":"E0805 22:55:58.586408  797570 watch.go:116] watchAllDir unable to walk dir `/home/gui/projects/portfolio-website/dataconnect`: lstat /home/gui/projects/portfolio-website/dataconnect: no such file or directory\n"}}
[debug] [2026-08-06T01:55:58.586Z] E0805 22:55:58.586461  797570 watch.go:40] Failed to load config from "/home/gui/projects/portfolio-website/dataconnect": could not find dataconnect.yaml in `/home/gui/projects/portfolio-website/dataconnect`
 {"metadata":{"emulator":{"name":"dataconnect"},"message":"E0805 22:55:58.586461  797570 watch.go:40] Failed to load config from \"/home/gui/projects/portfolio-website/dataconnect\": could not find dataconnect.yaml in `/home/gui/projects/portfolio-website/dataconnect`\n"}}
[debug] [2026-08-06T01:56:08.594Z] E0805 22:56:08.594429  797570 watch.go:40] Failed to load config from "/home/gui/projects/portfolio-website/dataconnect": could not find dataconnect.yaml in `/home/gui/projects/portfolio-website/dataconnect`
 {"metadata":{"emulator":{"name":"dataconnect"},"message":"E0805 22:56:08.594429  797570 watch.go:40] Failed to load config from \"/home/gui/projects/portfolio-website/dataconnect\": could not find dataconnect.yaml in `/home/gui/projects/portfolio-website/dataconnect`\n"}}
[debug] [2026-08-06T01:56:18.594Z] E0805 22:56:18.594479  797570 watch.go:40] Failed to load config from "/home/gui/projects/portfolio-website/dataconnect": could not find dataconnect.yaml in `/home/gui/projects/portfolio-website/dataconnect`
 {"metadata":{"emulator":{"name":"dataconnect"},"message":"E0805 22:56:18.594479  797570 watch.go:40] Failed to load config from \"/home/gui/projects/portfolio-website/dataconnect\": could not find dataconnect.yaml in `/home/gui/projects/portfolio-website/dataconnect`\n"}}
[debug] [2026-08-06T01:56:28.586Z] E0805 22:56:28.586354  797570 watch.go:40] Failed to load config from "/home/gui/projects/portfolio-website/dataconnect": could not find dataconnect.yaml in `/home/gui/projects/portfolio-website/dataconnect`
 {"metadata":{"emulator":{"name":"dataconnect"},"message":"E0805 22:56:28.586354  797570 watch.go:40] Failed to load config from \"/home/gui/projects/portfolio-website/dataconnect\": could not find dataconnect.yaml in `/home/gui/projects/portfolio-website/dataconnect`\n"}}
[debug] [2026-08-06T01:56:38.591Z] E0805 22:56:38.591331  797570 watch.go:40] Failed to load config from "/home/gui/projects/portfolio-website/dataconnect": could not find dataconnect.yaml in `/home/gui/projects/portfolio-website/dataconnect`
 {"metadata":{"emulator":{"name":"dataconnect"},"message":"E0805 22:56:38.591331  797570 watch.go:40] Failed to load config from \"/home/gui/projects/portfolio-website/dataconnect\": could not find dataconnect.yaml in `/home/gui/projects/portfolio-website/dataconnect`\n"}}
[debug] [2026-08-06T01:56:48.585Z] E0805 22:56:48.585669  797570 watch.go:40] Failed to load config from "/home/gui/projects/portfolio-website/dataconnect": could not find dataconnect.yaml in `/home/gui/projects/portfolio-website/dataconnect`
 {"metadata":{"emulator":{"name":"dataconnect"},"message":"E0805 22:56:48.585669  797570 watch.go:40] Failed to load config from \"/home/gui/projects/portfolio-website/dataconnect\": could not find dataconnect.yaml in `/home/gui/projects/portfolio-website/dataconnect`\n"}}
[debug] [2026-08-06T01:56:58.586Z] E0805 22:56:58.586331  797570 watch.go:116] watchAllDir unable to walk dir `/home/gui/projects/portfolio-website/dataconnect`: lstat /home/gui/projects/portfolio-website/dataconnect: no such file or directory
E0805 22:56:58.586390  797570 watch.go:40] Failed to load config from "/home/gui/projects/portfolio-website/dataconnect": could not find dataconnect.yaml in `/home/gui/projects/portfolio-website/dataconnect`
 {"metadata":{"emulator":{"name":"dataconnect"},"message":"E0805 22:56:58.586331  797570 watch.go:116] watchAllDir unable to walk dir `/home/gui/projects/portfolio-website/dataconnect`: lstat /home/gui/projects/portfolio-website/dataconnect: no such file or directory\nE0805 22:56:58.586390  797570 watch.go:40] Failed to load config from \"/home/gui/projects/portfolio-website/dataconnect\": could not find dataconnect.yaml in `/home/gui/projects/portfolio-website/dataconnect`\n"}}
[debug] [2026-08-06T01:57:08.595Z] E0805 22:57:08.595353  797570 watch.go:40] Failed to load config from "/home/gui/projects/portfolio-website/dataconnect": could not find dataconnect.yaml in `/home/gui/projects/portfolio-website/dataconnect`
 {"metadata":{"emulator":{"name":"dataconnect"},"message":"E0805 22:57:08.595353  797570 watch.go:40] Failed to load config from \"/home/gui/projects/portfolio-website/dataconnect\": could not find dataconnect.yaml in `/home/gui/projects/portfolio-website/dataconnect`\n"}}
[debug] [2026-08-06T01:57:18.595Z] E0805 22:57:18.595367  797570 watch.go:40] Failed to load config from "/home/gui/projects/portfolio-website/dataconnect": could not find dataconnect.yaml in `/home/gui/projects/portfolio-website/dataconnect`
 {"metadata":{"emulator":{"name":"dataconnect"},"message":"E0805 22:57:18.595367  797570 watch.go:40] Failed to load config from \"/home/gui/projects/portfolio-website/dataconnect\": could not find dataconnect.yaml in `/home/gui/projects/portfolio-website/dataconnect`\n"}}
[debug] [2026-08-06T01:57:28.586Z] E0805 22:57:28.586372  797570 watch.go:40] Failed to load config from "/home/gui/projects/portfolio-website/dataconnect": could not find dataconnect.yaml in `/home/gui/projects/portfolio-website/dataconnect`
 {"metadata":{"emulator":{"name":"dataconnect"},"message":"E0805 22:57:28.586372  797570 watch.go:40] Failed to load config from \"/home/gui/projects/portfolio-website/dataconnect\": could not find dataconnect.yaml in `/home/gui/projects/portfolio-website/dataconnect`\n"}}
[debug] [2026-08-06T01:57:38.594Z] E0805 22:57:38.594414  797570 watch.go:40] Failed to load config from "/home/gui/projects/portfolio-website/dataconnect": could not find dataconnect.yaml in `/home/gui/projects/portfolio-website/dataconnect`
 {"metadata":{"emulator":{"name":"dataconnect"},"message":"E0805 22:57:38.594414  797570 watch.go:40] Failed to load config from \"/home/gui/projects/portfolio-website/dataconnect\": could not find dataconnect.yaml in `/home/gui/projects/portfolio-website/dataconnect`\n"}}
[debug] [2026-08-06T01:57:48.594Z] E0805 22:57:48.594359  797570 watch.go:40] Failed to load config from "/home/gui/projects/portfolio-website/dataconnect": could not find dataconnect.yaml in `/home/gui/projects/portfolio-website/dataconnect`
 {"metadata":{"emulator":{"name":"dataconnect"},"message":"E0805 22:57:48.594359  797570 watch.go:40] Failed to load config from \"/home/gui/projects/portfolio-website/dataconnect\": could not find dataconnect.yaml in `/home/gui/projects/portfolio-website/dataconnect`\n"}}
[debug] [2026-08-06T01:57:58.586Z] E0805 22:57:58.585983  797570 watch.go:116] watchAllDir unable to walk dir `/home/gui/projects/portfolio-website/dataconnect`: lstat /home/gui/projects/portfolio-website/dataconnect: no such file or directory
E0805 22:57:58.586026  797570 watch.go:40] Failed to load config from "/home/gui/projects/portfolio-website/dataconnect": could not find dataconnect.yaml in `/home/gui/projects/portfolio-website/dataconnect`
 {"metadata":{"emulator":{"name":"dataconnect"},"message":"E0805 22:57:58.585983  797570 watch.go:116] watchAllDir unable to walk dir `/home/gui/projects/portfolio-website/dataconnect`: lstat /home/gui/projects/portfolio-website/dataconnect: no such file or directory\nE0805 22:57:58.586026  797570 watch.go:40] Failed to load config from \"/home/gui/projects/portfolio-website/dataconnect\": could not find dataconnect.yaml in `/home/gui/projects/portfolio-website/dataconnect`\n"}}
[debug] [2026-08-06T01:58:08.594Z] E0805 22:58:08.594586  797570 watch.go:40] Failed to load config from "/home/gui/projects/portfolio-website/dataconnect": could not find dataconnect.yaml in `/home/gui/projects/portfolio-website/dataconnect`
 {"metadata":{"emulator":{"name":"dataconnect"},"message":"E0805 22:58:08.594586  797570 watch.go:40] Failed to load config from \"/home/gui/projects/portfolio-website/dataconnect\": could not find dataconnect.yaml in `/home/gui/projects/portfolio-website/dataconnect`\n"}}
[debug] [2026-08-06T01:58:18.594Z] E0805 22:58:18.594359  797570 watch.go:40] Failed to load config from "/home/gui/projects/portfolio-website/dataconnect": could not find dataconnect.yaml in `/home/gui/projects/portfolio-website/dataconnect`
 {"metadata":{"emulator":{"name":"dataconnect"},"message":"E0805 22:58:18.594359  797570 watch.go:40] Failed to load config from \"/home/gui/projects/portfolio-website/dataconnect\": could not find dataconnect.yaml in `/home/gui/projects/portfolio-website/dataconnect`\n"}}
[debug] [2026-08-06T01:58:28.586Z] E0805 22:58:28.586358  797570 watch.go:40] Failed to load config from "/home/gui/projects/portfolio-website/dataconnect": could not find dataconnect.yaml in `/home/gui/projects/portfolio-website/dataconnect`
 {"metadata":{"emulator":{"name":"dataconnect"},"message":"E0805 22:58:28.586358  797570 watch.go:40] Failed to load config from \"/home/gui/projects/portfolio-website/dataconnect\": could not find dataconnect.yaml in `/home/gui/projects/portfolio-website/dataconnect`\n"}}
[debug] [2026-08-06T01:58:38.595Z] E0805 22:58:38.595406  797570 watch.go:40] Failed to load config from "/home/gui/projects/portfolio-website/dataconnect": could not find dataconnect.yaml in `/home/gui/projects/portfolio-website/dataconnect`
 {"metadata":{"emulator":{"name":"dataconnect"},"message":"E0805 22:58:38.595406  797570 watch.go:40] Failed to load config from \"/home/gui/projects/portfolio-website/dataconnect\": could not find dataconnect.yaml in `/home/gui/projects/portfolio-website/dataconnect`\n"}}
[debug] [2026-08-06T01:58:48.594Z] E0805 22:58:48.594348  797570 watch.go:40] Failed to load config from "/home/gui/projects/portfolio-website/dataconnect": could not find dataconnect.yaml in `/home/gui/projects/portfolio-website/dataconnect`
 {"metadata":{"emulator":{"name":"dataconnect"},"message":"E0805 22:58:48.594348  797570 watch.go:40] Failed to load config from \"/home/gui/projects/portfolio-website/dataconnect\": could not find dataconnect.yaml in `/home/gui/projects/portfolio-website/dataconnect`\n"}}
[debug] [2026-08-06T01:58:58.586Z] E0805 22:58:58.586329  797570 watch.go:116] watchAllDir unable to walk dir `/home/gui/projects/portfolio-website/dataconnect`: lstat /home/gui/projects/portfolio-website/dataconnect: no such file or directory
E0805 22:58:58.586390  797570 watch.go:40] Failed to load config from "/home/gui/projects/portfolio-website/dataconnect": could not find dataconnect.yaml in `/home/gui/projects/portfolio-website/dataconnect`
 {"metadata":{"emulator":{"name":"dataconnect"},"message":"E0805 22:58:58.586329  797570 watch.go:116] watchAllDir unable to walk dir `/home/gui/projects/portfolio-website/dataconnect`: lstat /home/gui/projects/portfolio-website/dataconnect: no such file or directory\nE0805 22:58:58.586390  797570 watch.go:40] Failed to load config from \"/home/gui/projects/portfolio-website/dataconnect\": could not find dataconnect.yaml in `/home/gui/projects/portfolio-website/dataconnect`\n"}}
[debug] [2026-08-06T01:59:08.587Z] E0805 22:59:08.587360  797570 watch.go:40] Failed to load config from "/home/gui/projects/portfolio-website/dataconnect": could not find dataconnect.yaml in `/home/gui/projects/portfolio-website/dataconnect`
 {"metadata":{"emulator":{"name":"dataconnect"},"message":"E0805 22:59:08.587360  797570 watch.go:40] Failed to load config from \"/home/gui/projects/portfolio-website/dataconnect\": could not find dataconnect.yaml in `/home/gui/projects/portfolio-website/dataconnect`\n"}}
[debug] [2026-08-06T01:59:18.595Z] E0805 22:59:18.595393  797570 watch.go:40] Failed to load config from "/home/gui/projects/portfolio-website/dataconnect": could not find dataconnect.yaml in `/home/gui/projects/portfolio-website/dataconnect`
 {"metadata":{"emulator":{"name":"dataconnect"},"message":"E0805 22:59:18.595393  797570 watch.go:40] Failed to load config from \"/home/gui/projects/portfolio-website/dataconnect\": could not find dataconnect.yaml in `/home/gui/projects/portfolio-website/dataconnect`\n"}}
[debug] [2026-08-06T01:59:28.586Z] E0805 22:59:28.586348  797570 watch.go:40] Failed to load config from "/home/gui/projects/portfolio-website/dataconnect": could not find dataconnect.yaml in `/home/gui/projects/portfolio-website/dataconnect`
 {"metadata":{"emulator":{"name":"dataconnect"},"message":"E0805 22:59:28.586348  797570 watch.go:40] Failed to load config from \"/home/gui/projects/portfolio-website/dataconnect\": could not find dataconnect.yaml in `/home/gui/projects/portfolio-website/dataconnect`\n"}}
[debug] [2026-08-06T01:59:38.595Z] E0805 22:59:38.595351  797570 watch.go:40] Failed to load config from "/home/gui/projects/portfolio-website/dataconnect": could not find dataconnect.yaml in `/home/gui/projects/portfolio-website/dataconnect`
 {"metadata":{"emulator":{"name":"dataconnect"},"message":"E0805 22:59:38.595351  797570 watch.go:40] Failed to load config from \"/home/gui/projects/portfolio-website/dataconnect\": could not find dataconnect.yaml in `/home/gui/projects/portfolio-website/dataconnect`\n"}}
[debug] [2026-08-06T01:59:48.595Z] E0805 22:59:48.595378  797570 watch.go:40] Failed to load config from "/home/gui/projects/portfolio-website/dataconnect": could not find dataconnect.yaml in `/home/gui/projects/portfolio-website/dataconnect`
 {"metadata":{"emulator":{"name":"dataconnect"},"message":"E0805 22:59:48.595378  797570 watch.go:40] Failed to load config from \"/home/gui/projects/portfolio-website/dataconnect\": could not find dataconnect.yaml in `/home/gui/projects/portfolio-website/dataconnect`\n"}}
[debug] [2026-08-06T01:59:58.586Z] E0805 22:59:58.586401  797570 watch.go:116] watchAllDir unable to walk dir `/home/gui/projects/portfolio-website/dataconnect`: lstat /home/gui/projects/portfolio-website/dataconnect: no such file or directory
E0805 22:59:58.586447  797570 watch.go:40] Failed to load config from "/home/gui/projects/portfolio-website/dataconnect": could not find dataconnect.yaml in `/home/gui/projects/portfolio-website/dataconnect`
 {"metadata":{"emulator":{"name":"dataconnect"},"message":"E0805 22:59:58.586401  797570 watch.go:116] watchAllDir unable to walk dir `/home/gui/projects/portfolio-website/dataconnect`: lstat /home/gui/projects/portfolio-website/dataconnect: no such file or directory\nE0805 22:59:58.586447  797570 watch.go:40] Failed to load config from \"/home/gui/projects/portfolio-website/dataconnect\": could not find dataconnect.yaml in `/home/gui/projects/portfolio-website/dataconnect`\n"}}
[debug] [2026-08-06T02:00:08.594Z] E0805 23:00:08.594348  797570 watch.go:40] Failed to load config from "/home/gui/projects/portfolio-website/dataconnect": could not find dataconnect.yaml in `/home/gui/projects/portfolio-website/dataconnect`
 {"metadata":{"emulator":{"name":"dataconnect"},"message":"E0805 23:00:08.594348  797570 watch.go:40] Failed to load config from \"/home/gui/projects/portfolio-website/dataconnect\": could not find dataconnect.yaml in `/home/gui/projects/portfolio-website/dataconnect`\n"}}
[debug] [2026-08-06T02:00:18.595Z] E0805 23:00:18.595345  797570 watch.go:40] Failed to load config from "/home/gui/projects/portfolio-website/dataconnect": could not find dataconnect.yaml in `/home/gui/projects/portfolio-website/dataconnect`
 {"metadata":{"emulator":{"name":"dataconnect"},"message":"E0805 23:00:18.595345  797570 watch.go:40] Failed to load config from \"/home/gui/projects/portfolio-website/dataconnect\": could not find dataconnect.yaml in `/home/gui/projects/portfolio-website/dataconnect`\n"}}
[debug] [2026-08-06T02:00:28.586Z] E0805 23:00:28.586369  797570 watch.go:40] Failed to load config from "/home/gui/projects/portfolio-website/dataconnect": could not find dataconnect.yaml in `/home/gui/projects/portfolio-website/dataconnect`
 {"metadata":{"emulator":{"name":"dataconnect"},"message":"E0805 23:00:28.586369  797570 watch.go:40] Failed to load config from \"/home/gui/projects/portfolio-website/dataconnect\": could not find dataconnect.yaml in `/home/gui/projects/portfolio-website/dataconnect`\n"}}
[debug] [2026-08-06T02:00:38.595Z] E0805 23:00:38.595349  797570 watch.go:40] Failed to load config from "/home/gui/projects/portfolio-website/dataconnect": could not find dataconnect.yaml in `/home/gui/projects/portfolio-website/dataconnect`
 {"metadata":{"emulator":{"name":"dataconnect"},"message":"E0805 23:00:38.595349  797570 watch.go:40] Failed to load config from \"/home/gui/projects/portfolio-website/dataconnect\": could not find dataconnect.yaml in `/home/gui/projects/portfolio-website/dataconnect`\n"}}
[debug] [2026-08-06T02:00:48.595Z] E0805 23:00:48.595347  797570 watch.go:40] Failed to load config from "/home/gui/projects/portfolio-website/dataconnect": could not find dataconnect.yaml in `/home/gui/projects/portfolio-website/dataconnect`
 {"metadata":{"emulator":{"name":"dataconnect"},"message":"E0805 23:00:48.595347  797570 watch.go:40] Failed to load config from \"/home/gui/projects/portfolio-website/dataconnect\": could not find dataconnect.yaml in `/home/gui/projects/portfolio-website/dataconnect`\n"}}
[debug] [2026-08-06T02:00:58.585Z] E0805 23:00:58.585885  797570 watch.go:116] watchAllDir unable to walk dir `/home/gui/projects/portfolio-website/dataconnect`: lstat /home/gui/projects/portfolio-website/dataconnect: no such file or directory
E0805 23:00:58.585947  797570 watch.go:40] Failed to load config from "/home/gui/projects/portfolio-website/dataconnect": could not find dataconnect.yaml in `/home/gui/projects/portfolio-website/dataconnect`
 {"metadata":{"emulator":{"name":"dataconnect"},"message":"E0805 23:00:58.585885  797570 watch.go:116] watchAllDir unable to walk dir `/home/gui/projects/portfolio-website/dataconnect`: lstat /home/gui/projects/portfolio-website/dataconnect: no such file or directory\nE0805 23:00:58.585947  797570 watch.go:40] Failed to load config from \"/home/gui/projects/portfolio-website/dataconnect\": could not find dataconnect.yaml in `/home/gui/projects/portfolio-website/dataconnect`\n"}}
[debug] [2026-08-06T02:01:08.585Z] E0805 23:01:08.585627  797570 watch.go:40] Failed to load config from "/home/gui/projects/portfolio-website/dataconnect": could not find dataconnect.yaml in `/home/gui/projects/portfolio-website/dataconnect`
 {"metadata":{"emulator":{"name":"dataconnect"},"message":"E0805 23:01:08.585627  797570 watch.go:40] Failed to load config from \"/home/gui/projects/portfolio-website/dataconnect\": could not find dataconnect.yaml in `/home/gui/projects/portfolio-website/dataconnect`\n"}}
[debug] [2026-08-06T02:01:18.585Z] E0805 23:01:18.585476  797570 watch.go:40] Failed to load config from "/home/gui/projects/portfolio-website/dataconnect": could not find dataconnect.yaml in `/home/gui/projects/portfolio-website/dataconnect`
 {"metadata":{"emulator":{"name":"dataconnect"},"message":"E0805 23:01:18.585476  797570 watch.go:40] Failed to load config from \"/home/gui/projects/portfolio-website/dataconnect\": could not find dataconnect.yaml in `/home/gui/projects/portfolio-website/dataconnect`\n"}}
[debug] [2026-08-06T02:01:28.586Z] E0805 23:01:28.586420  797570 watch.go:40] Failed to load config from "/home/gui/projects/portfolio-website/dataconnect": could not find dataconnect.yaml in `/home/gui/projects/portfolio-website/dataconnect`
 {"metadata":{"emulator":{"name":"dataconnect"},"message":"E0805 23:01:28.586420  797570 watch.go:40] Failed to load config from \"/home/gui/projects/portfolio-website/dataconnect\": could not find dataconnect.yaml in `/home/gui/projects/portfolio-website/dataconnect`\n"}}
[debug] [2026-08-06T02:01:38.594Z] E0805 23:01:38.594445  797570 watch.go:40] Failed to load config from "/home/gui/projects/portfolio-website/dataconnect": could not find dataconnect.yaml in `/home/gui/projects/portfolio-website/dataconnect`
 {"metadata":{"emulator":{"name":"dataconnect"},"message":"E0805 23:01:38.594445  797570 watch.go:40] Failed to load config from \"/home/gui/projects/portfolio-website/dataconnect\": could not find dataconnect.yaml in `/home/gui/projects/portfolio-website/dataconnect`\n"}}
[debug] [2026-08-06T02:01:48.594Z] E0805 23:01:48.594352  797570 watch.go:40] Failed to load config from "/home/gui/projects/portfolio-website/dataconnect": could not find dataconnect.yaml in `/home/gui/projects/portfolio-website/dataconnect`
 {"metadata":{"emulator":{"name":"dataconnect"},"message":"E0805 23:01:48.594352  797570 watch.go:40] Failed to load config from \"/home/gui/projects/portfolio-website/dataconnect\": could not find dataconnect.yaml in `/home/gui/projects/portfolio-website/dataconnect`\n"}}
[debug] [2026-08-06T02:01:58.586Z] E0805 23:01:58.586350  797570 watch.go:116] watchAllDir unable to walk dir `/home/gui/projects/portfolio-website/dataconnect`: lstat /home/gui/projects/portfolio-website/dataconnect: no such file or directory
E0805 23:01:58.586377  797570 watch.go:40] Failed to load config from "/home/gui/projects/portfolio-website/dataconnect": could not find dataconnect.yaml in `/home/gui/projects/portfolio-website/dataconnect`
 {"metadata":{"emulator":{"name":"dataconnect"},"message":"E0805 23:01:58.586350  797570 watch.go:116] watchAllDir unable to walk dir `/home/gui/projects/portfolio-website/dataconnect`: lstat /home/gui/projects/portfolio-website/dataconnect: no such file or directory\nE0805 23:01:58.586377  797570 watch.go:40] Failed to load config from \"/home/gui/projects/portfolio-website/dataconnect\": could not find dataconnect.yaml in `/home/gui/projects/portfolio-website/dataconnect`\n"}}
[debug] [2026-08-06T02:02:08.594Z] E0805 23:02:08.594405  797570 watch.go:40] Failed to load config from "/home/gui/projects/portfolio-website/dataconnect": could not find dataconnect.yaml in `/home/gui/projects/portfolio-website/dataconnect`
 {"metadata":{"emulator":{"name":"dataconnect"},"message":"E0805 23:02:08.594405  797570 watch.go:40] Failed to load config from \"/home/gui/projects/portfolio-website/dataconnect\": could not find dataconnect.yaml in `/home/gui/projects/portfolio-website/dataconnect`\n"}}
[debug] [2026-08-06T02:02:18.594Z] E0805 23:02:18.594403  797570 watch.go:40] Failed to load config from "/home/gui/projects/portfolio-website/dataconnect": could not find dataconnect.yaml in `/home/gui/projects/portfolio-website/dataconnect`
 {"metadata":{"emulator":{"name":"dataconnect"},"message":"E0805 23:02:18.594403  797570 watch.go:40] Failed to load config from \"/home/gui/projects/portfolio-website/dataconnect\": could not find dataconnect.yaml in `/home/gui/projects/portfolio-website/dataconnect`\n"}}
[debug] [2026-08-06T02:02:28.586Z] E0805 23:02:28.586388  797570 watch.go:40] Failed to load config from "/home/gui/projects/portfolio-website/dataconnect": could not find dataconnect.yaml in `/home/gui/projects/portfolio-website/dataconnect`
 {"metadata":{"emulator":{"name":"dataconnect"},"message":"E0805 23:02:28.586388  797570 watch.go:40] Failed to load config from \"/home/gui/projects/portfolio-website/dataconnect\": could not find dataconnect.yaml in `/home/gui/projects/portfolio-website/dataconnect`\n"}}
[debug] [2026-08-06T02:02:38.592Z] E0805 23:02:38.592026  797570 watch.go:40] Failed to load config from "/home/gui/projects/portfolio-website/dataconnect": could not find dataconnect.yaml in `/home/gui/projects/portfolio-website/dataconnect`
 {"metadata":{"emulator":{"name":"dataconnect"},"message":"E0805 23:02:38.592026  797570 watch.go:40] Failed to load config from \"/home/gui/projects/portfolio-website/dataconnect\": could not find dataconnect.yaml in `/home/gui/projects/portfolio-website/dataconnect`\n"}}
[debug] [2026-08-06T02:02:48.594Z] E0805 23:02:48.594369  797570 watch.go:40] Failed to load config from "/home/gui/projects/portfolio-website/dataconnect": could not find dataconnect.yaml in `/home/gui/projects/portfolio-website/dataconnect`
 {"metadata":{"emulator":{"name":"dataconnect"},"message":"E0805 23:02:48.594369  797570 watch.go:40] Failed to load config from \"/home/gui/projects/portfolio-website/dataconnect\": could not find dataconnect.yaml in `/home/gui/projects/portfolio-website/dataconnect`\n"}}
[debug] [2026-08-06T02:02:58.586Z] E0805 23:02:58.586330  797570 watch.go:116] watchAllDir unable to walk dir `/home/gui/projects/portfolio-website/dataconnect`: lstat /home/gui/projects/portfolio-website/dataconnect: no such file or directory
 {"metadata":{"emulator":{"name":"dataconnect"},"message":"E0805 23:02:58.586330  797570 watch.go:116] watchAllDir unable to walk dir `/home/gui/projects/portfolio-website/dataconnect`: lstat /home/gui/projects/portfolio-website/dataconnect: no such file or directory\n"}}
[debug] [2026-08-06T02:02:58.586Z] E0805 23:02:58.586373  797570 watch.go:40] Failed to load config from "/home/gui/projects/portfolio-website/dataconnect": could not find dataconnect.yaml in `/home/gui/projects/portfolio-website/dataconnect`
 {"metadata":{"emulator":{"name":"dataconnect"},"message":"E0805 23:02:58.586373  797570 watch.go:40] Failed to load config from \"/home/gui/projects/portfolio-website/dataconnect\": could not find dataconnect.yaml in `/home/gui/projects/portfolio-website/dataconnect`\n"}}
[debug] [2026-08-06T02:03:08.589Z] E0805 23:03:08.589580  797570 watch.go:40] Failed to load config from "/home/gui/projects/portfolio-website/dataconnect": could not find dataconnect.yaml in `/home/gui/projects/portfolio-website/dataconnect`
 {"metadata":{"emulator":{"name":"dataconnect"},"message":"E0805 23:03:08.589580  797570 watch.go:40] Failed to load config from \"/home/gui/projects/portfolio-website/dataconnect\": could not find dataconnect.yaml in `/home/gui/projects/portfolio-website/dataconnect`\n"}}
[debug] [2026-08-06T02:03:18.585Z] E0805 23:03:18.585676  797570 watch.go:40] Failed to load config from "/home/gui/projects/portfolio-website/dataconnect": could not find dataconnect.yaml in `/home/gui/projects/portfolio-website/dataconnect`
 {"metadata":{"emulator":{"name":"dataconnect"},"message":"E0805 23:03:18.585676  797570 watch.go:40] Failed to load config from \"/home/gui/projects/portfolio-website/dataconnect\": could not find dataconnect.yaml in `/home/gui/projects/portfolio-website/dataconnect`\n"}}
[debug] [2026-08-06T02:03:28.586Z] E0805 23:03:28.586408  797570 watch.go:40] Failed to load config from "/home/gui/projects/portfolio-website/dataconnect": could not find dataconnect.yaml in `/home/gui/projects/portfolio-website/dataconnect`
 {"metadata":{"emulator":{"name":"dataconnect"},"message":"E0805 23:03:28.586408  797570 watch.go:40] Failed to load config from \"/home/gui/projects/portfolio-website/dataconnect\": could not find dataconnect.yaml in `/home/gui/projects/portfolio-website/dataconnect`\n"}}
[debug] [2026-08-06T02:03:38.594Z] E0805 23:03:38.594352  797570 watch.go:40] Failed to load config from "/home/gui/projects/portfolio-website/dataconnect": could not find dataconnect.yaml in `/home/gui/projects/portfolio-website/dataconnect`
 {"metadata":{"emulator":{"name":"dataconnect"},"message":"E0805 23:03:38.594352  797570 watch.go:40] Failed to load config from \"/home/gui/projects/portfolio-website/dataconnect\": could not find dataconnect.yaml in `/home/gui/projects/portfolio-website/dataconnect`\n"}}
[debug] [2026-08-06T02:03:48.595Z] E0805 23:03:48.595356  797570 watch.go:40] Failed to load config from "/home/gui/projects/portfolio-website/dataconnect": could not find dataconnect.yaml in `/home/gui/projects/portfolio-website/dataconnect`
 {"metadata":{"emulator":{"name":"dataconnect"},"message":"E0805 23:03:48.595356  797570 watch.go:40] Failed to load config from \"/home/gui/projects/portfolio-website/dataconnect\": could not find dataconnect.yaml in `/home/gui/projects/portfolio-website/dataconnect`\n"}}
[debug] [2026-08-06T02:03:58.586Z] E0805 23:03:58.586344  797570 watch.go:116] watchAllDir unable to walk dir `/home/gui/projects/portfolio-website/dataconnect`: lstat /home/gui/projects/portfolio-website/dataconnect: no such file or directory
E0805 23:03:58.586408  797570 watch.go:40] Failed to load config from "/home/gui/projects/portfolio-website/dataconnect": could not find dataconnect.yaml in `/home/gui/projects/portfolio-website/dataconnect`
 {"metadata":{"emulator":{"name":"dataconnect"},"message":"E0805 23:03:58.586344  797570 watch.go:116] watchAllDir unable to walk dir `/home/gui/projects/portfolio-website/dataconnect`: lstat /home/gui/projects/portfolio-website/dataconnect: no such file or directory\nE0805 23:03:58.586408  797570 watch.go:40] Failed to load config from \"/home/gui/projects/portfolio-website/dataconnect\": could not find dataconnect.yaml in `/home/gui/projects/portfolio-website/dataconnect`\n"}}
[debug] [2026-08-06T02:04:08.591Z] E0805 23:04:08.591028  797570 watch.go:40] Failed to load config from "/home/gui/projects/portfolio-website/dataconnect": could not find dataconnect.yaml in `/home/gui/projects/portfolio-website/dataconnect`
 {"metadata":{"emulator":{"name":"dataconnect"},"message":"E0805 23:04:08.591028  797570 watch.go:40] Failed to load config from \"/home/gui/projects/portfolio-website/dataconnect\": could not find dataconnect.yaml in `/home/gui/projects/portfolio-website/dataconnect`\n"}}
[debug] [2026-08-06T02:04:18.595Z] E0805 23:04:18.595045  797570 watch.go:40] Failed to load config from "/home/gui/projects/portfolio-website/dataconnect": could not find dataconnect.yaml in `/home/gui/projects/portfolio-website/dataconnect`
 {"metadata":{"emulator":{"name":"dataconnect"},"message":"E0805 23:04:18.595045  797570 watch.go:40] Failed to load config from \"/home/gui/projects/portfolio-website/dataconnect\": could not find dataconnect.yaml in `/home/gui/projects/portfolio-website/dataconnect`\n"}}
[debug] [2026-08-06T02:04:28.586Z] E0805 23:04:28.586058  797570 watch.go:40] Failed to load config from "/home/gui/projects/portfolio-website/dataconnect": could not find dataconnect.yaml in `/home/gui/projects/portfolio-website/dataconnect`
 {"metadata":{"emulator":{"name":"dataconnect"},"message":"E0805 23:04:28.586058  797570 watch.go:40] Failed to load config from \"/home/gui/projects/portfolio-website/dataconnect\": could not find dataconnect.yaml in `/home/gui/projects/portfolio-website/dataconnect`\n"}}
[debug] [2026-08-06T02:04:38.594Z] E0805 23:04:38.594348  797570 watch.go:40] Failed to load config from "/home/gui/projects/portfolio-website/dataconnect": could not find dataconnect.yaml in `/home/gui/projects/portfolio-website/dataconnect`
 {"metadata":{"emulator":{"name":"dataconnect"},"message":"E0805 23:04:38.594348  797570 watch.go:40] Failed to load config from \"/home/gui/projects/portfolio-website/dataconnect\": could not find dataconnect.yaml in `/home/gui/projects/portfolio-website/dataconnect`\n"}}
[debug] [2026-08-06T02:04:48.595Z] E0805 23:04:48.595351  797570 watch.go:40] Failed to load config from "/home/gui/projects/portfolio-website/dataconnect": could not find dataconnect.yaml in `/home/gui/projects/portfolio-website/dataconnect`
 {"metadata":{"emulator":{"name":"dataconnect"},"message":"E0805 23:04:48.595351  797570 watch.go:40] Failed to load config from \"/home/gui/projects/portfolio-website/dataconnect\": could not find dataconnect.yaml in `/home/gui/projects/portfolio-website/dataconnect`\n"}}
[debug] [2026-08-06T02:04:58.586Z] E0805 23:04:58.586342  797570 watch.go:116] watchAllDir unable to walk dir `/home/gui/projects/portfolio-website/dataconnect`: lstat /home/gui/projects/portfolio-website/dataconnect: no such file or directory
E0805 23:04:58.586387  797570 watch.go:40] Failed to load config from "/home/gui/projects/portfolio-website/dataconnect": could not find dataconnect.yaml in `/home/gui/projects/portfolio-website/dataconnect`
 {"metadata":{"emulator":{"name":"dataconnect"},"message":"E0805 23:04:58.586342  797570 watch.go:116] watchAllDir unable to walk dir `/home/gui/projects/portfolio-website/dataconnect`: lstat /home/gui/projects/portfolio-website/dataconnect: no such file or directory\nE0805 23:04:58.586387  797570 watch.go:40] Failed to load config from \"/home/gui/projects/portfolio-website/dataconnect\": could not find dataconnect.yaml in `/home/gui/projects/portfolio-website/dataconnect`\n"}}
[debug] [2026-08-06T02:05:08.594Z] E0805 23:05:08.594358  797570 watch.go:40] Failed to load config from "/home/gui/projects/portfolio-website/dataconnect": could not find dataconnect.yaml in `/home/gui/projects/portfolio-website/dataconnect`
 {"metadata":{"emulator":{"name":"dataconnect"},"message":"E0805 23:05:08.594358  797570 watch.go:40] Failed to load config from \"/home/gui/projects/portfolio-website/dataconnect\": could not find dataconnect.yaml in `/home/gui/projects/portfolio-website/dataconnect`\n"}}
[debug] [2026-08-06T02:05:18.595Z] E0805 23:05:18.595026  797570 watch.go:40] Failed to load config from "/home/gui/projects/portfolio-website/dataconnect": could not find dataconnect.yaml in `/home/gui/projects/portfolio-website/dataconnect`
 {"metadata":{"emulator":{"name":"dataconnect"},"message":"E0805 23:05:18.595026  797570 watch.go:40] Failed to load config from \"/home/gui/projects/portfolio-website/dataconnect\": could not find dataconnect.yaml in `/home/gui/projects/portfolio-website/dataconnect`\n"}}
[debug] [2026-08-06T02:05:28.586Z] E0805 23:05:28.586406  797570 watch.go:40] Failed to load config from "/home/gui/projects/portfolio-website/dataconnect": could not find dataconnect.yaml in `/home/gui/projects/portfolio-website/dataconnect`
 {"metadata":{"emulator":{"name":"dataconnect"},"message":"E0805 23:05:28.586406  797570 watch.go:40] Failed to load config from \"/home/gui/projects/portfolio-website/dataconnect\": could not find dataconnect.yaml in `/home/gui/projects/portfolio-website/dataconnect`\n"}}
[debug] [2026-08-06T02:05:38.585Z] E0805 23:05:38.585537  797570 watch.go:40] Failed to load config from "/home/gui/projects/portfolio-website/dataconnect": could not find dataconnect.yaml in `/home/gui/projects/portfolio-website/dataconnect`
 {"metadata":{"emulator":{"name":"dataconnect"},"message":"E0805 23:05:38.585537  797570 watch.go:40] Failed to load config from \"/home/gui/projects/portfolio-website/dataconnect\": could not find dataconnect.yaml in `/home/gui/projects/portfolio-website/dataconnect`\n"}}
[debug] [2026-08-06T02:05:48.595Z] E0805 23:05:48.595378  797570 watch.go:40] Failed to load config from "/home/gui/projects/portfolio-website/dataconnect": could not find dataconnect.yaml in `/home/gui/projects/portfolio-website/dataconnect`
 {"metadata":{"emulator":{"name":"dataconnect"},"message":"E0805 23:05:48.595378  797570 watch.go:40] Failed to load config from \"/home/gui/projects/portfolio-website/dataconnect\": could not find dataconnect.yaml in `/home/gui/projects/portfolio-website/dataconnect`\n"}}
[debug] [2026-08-06T02:05:58.586Z] E0805 23:05:58.586365  797570 watch.go:40] Failed to load config from "/home/gui/projects/portfolio-website/dataconnect": could not find dataconnect.yaml in `/home/gui/projects/portfolio-website/dataconnect`
E0805 23:05:58.586347  797570 watch.go:116] watchAllDir unable to walk dir `/home/gui/projects/portfolio-website/dataconnect`: lstat /home/gui/projects/portfolio-website/dataconnect: no such file or directory
 {"metadata":{"emulator":{"name":"dataconnect"},"message":"E0805 23:05:58.586365  797570 watch.go:40] Failed to load config from \"/home/gui/projects/portfolio-website/dataconnect\": could not find dataconnect.yaml in `/home/gui/projects/portfolio-website/dataconnect`\nE0805 23:05:58.586347  797570 watch.go:116] watchAllDir unable to walk dir `/home/gui/projects/portfolio-website/dataconnect`: lstat /home/gui/projects/portfolio-website/dataconnect: no such file or directory\n"}}
[debug] [2026-08-06T02:06:08.594Z] E0805 23:06:08.594356  797570 watch.go:40] Failed to load config from "/home/gui/projects/portfolio-website/dataconnect": could not find dataconnect.yaml in `/home/gui/projects/portfolio-website/dataconnect`
 {"metadata":{"emulator":{"name":"dataconnect"},"message":"E0805 23:06:08.594356  797570 watch.go:40] Failed to load config from \"/home/gui/projects/portfolio-website/dataconnect\": could not find dataconnect.yaml in `/home/gui/projects/portfolio-website/dataconnect`\n"}}
[debug] [2026-08-06T02:06:18.595Z] E0805 23:06:18.595370  797570 watch.go:40] Failed to load config from "/home/gui/projects/portfolio-website/dataconnect": could not find dataconnect.yaml in `/home/gui/projects/portfolio-website/dataconnect`
 {"metadata":{"emulator":{"name":"dataconnect"},"message":"E0805 23:06:18.595370  797570 watch.go:40] Failed to load config from \"/home/gui/projects/portfolio-website/dataconnect\": could not find dataconnect.yaml in `/home/gui/projects/portfolio-website/dataconnect`\n"}}
[debug] [2026-08-06T02:06:28.586Z] E0805 23:06:28.586383  797570 watch.go:40] Failed to load config from "/home/gui/projects/portfolio-website/dataconnect": could not find dataconnect.yaml in `/home/gui/projects/portfolio-website/dataconnect`
 {"metadata":{"emulator":{"name":"dataconnect"},"message":"E0805 23:06:28.586383  797570 watch.go:40] Failed to load config from \"/home/gui/projects/portfolio-website/dataconnect\": could not find dataconnect.yaml in `/home/gui/projects/portfolio-website/dataconnect`\n"}}
[debug] [2026-08-06T02:06:38.594Z] E0805 23:06:38.594348  797570 watch.go:40] Failed to load config from "/home/gui/projects/portfolio-website/dataconnect": could not find dataconnect.yaml in `/home/gui/projects/portfolio-website/dataconnect`
 {"metadata":{"emulator":{"name":"dataconnect"},"message":"E0805 23:06:38.594348  797570 watch.go:40] Failed to load config from \"/home/gui/projects/portfolio-website/dataconnect\": could not find dataconnect.yaml in `/home/gui/projects/portfolio-website/dataconnect`\n"}}
[debug] [2026-08-06T02:06:48.595Z] E0805 23:06:48.595349  797570 watch.go:40] Failed to load config from "/home/gui/projects/portfolio-website/dataconnect": could not find dataconnect.yaml in `/home/gui/projects/portfolio-website/dataconnect`
 {"metadata":{"emulator":{"name":"dataconnect"},"message":"E0805 23:06:48.595349  797570 watch.go:40] Failed to load config from \"/home/gui/projects/portfolio-website/dataconnect\": could not find dataconnect.yaml in `/home/gui/projects/portfolio-website/dataconnect`\n"}}
[debug] [2026-08-06T02:06:58.586Z] E0805 23:06:58.586332  797570 watch.go:116] watchAllDir unable to walk dir `/home/gui/projects/portfolio-website/dataconnect`: lstat /home/gui/projects/portfolio-website/dataconnect: no such file or directory
E0805 23:06:58.586354  797570 watch.go:40] Failed to load config from "/home/gui/projects/portfolio-website/dataconnect": could not find dataconnect.yaml in `/home/gui/projects/portfolio-website/dataconnect`
 {"metadata":{"emulator":{"name":"dataconnect"},"message":"E0805 23:06:58.586332  797570 watch.go:116] watchAllDir unable to walk dir `/home/gui/projects/portfolio-website/dataconnect`: lstat /home/gui/projects/portfolio-website/dataconnect: no such file or directory\nE0805 23:06:58.586354  797570 watch.go:40] Failed to load config from \"/home/gui/projects/portfolio-website/dataconnect\": could not find dataconnect.yaml in `/home/gui/projects/portfolio-website/dataconnect`\n"}}
[debug] [2026-08-06T02:07:08.595Z] E0805 23:07:08.595419  797570 watch.go:40] Failed to load config from "/home/gui/projects/portfolio-website/dataconnect": could not find dataconnect.yaml in `/home/gui/projects/portfolio-website/dataconnect`
 {"metadata":{"emulator":{"name":"dataconnect"},"message":"E0805 23:07:08.595419  797570 watch.go:40] Failed to load config from \"/home/gui/projects/portfolio-website/dataconnect\": could not find dataconnect.yaml in `/home/gui/projects/portfolio-website/dataconnect`\n"}}
[debug] [2026-08-06T02:07:18.591Z] E0805 23:07:18.590974  797570 watch.go:40] Failed to load config from "/home/gui/projects/portfolio-website/dataconnect": could not find dataconnect.yaml in `/home/gui/projects/portfolio-website/dataconnect`
 {"metadata":{"emulator":{"name":"dataconnect"},"message":"E0805 23:07:18.590974  797570 watch.go:40] Failed to load config from \"/home/gui/projects/portfolio-website/dataconnect\": could not find dataconnect.yaml in `/home/gui/projects/portfolio-website/dataconnect`\n"}}
[debug] [2026-08-06T02:07:28.586Z] E0805 23:07:28.586480  797570 watch.go:40] Failed to load config from "/home/gui/projects/portfolio-website/dataconnect": could not find dataconnect.yaml in `/home/gui/projects/portfolio-website/dataconnect`
 {"metadata":{"emulator":{"name":"dataconnect"},"message":"E0805 23:07:28.586480  797570 watch.go:40] Failed to load config from \"/home/gui/projects/portfolio-website/dataconnect\": could not find dataconnect.yaml in `/home/gui/projects/portfolio-website/dataconnect`\n"}}
[debug] [2026-08-06T02:07:38.585Z] E0805 23:07:38.585666  797570 watch.go:40] Failed to load config from "/home/gui/projects/portfolio-website/dataconnect": could not find dataconnect.yaml in `/home/gui/projects/portfolio-website/dataconnect`
 {"metadata":{"emulator":{"name":"dataconnect"},"message":"E0805 23:07:38.585666  797570 watch.go:40] Failed to load config from \"/home/gui/projects/portfolio-website/dataconnect\": could not find dataconnect.yaml in `/home/gui/projects/portfolio-website/dataconnect`\n"}}
[debug] [2026-08-06T02:07:48.585Z] E0805 23:07:48.585482  797570 watch.go:40] Failed to load config from "/home/gui/projects/portfolio-website/dataconnect": could not find dataconnect.yaml in `/home/gui/projects/portfolio-website/dataconnect`
 {"metadata":{"emulator":{"name":"dataconnect"},"message":"E0805 23:07:48.585482  797570 watch.go:40] Failed to load config from \"/home/gui/projects/portfolio-website/dataconnect\": could not find dataconnect.yaml in `/home/gui/projects/portfolio-website/dataconnect`\n"}}
[debug] [2026-08-06T02:07:58.586Z] E0805 23:07:58.586336  797570 watch.go:116] watchAllDir unable to walk dir `/home/gui/projects/portfolio-website/dataconnect`: lstat /home/gui/projects/portfolio-website/dataconnect: no such file or directory
 {"metadata":{"emulator":{"name":"dataconnect"},"message":"E0805 23:07:58.586336  797570 watch.go:116] watchAllDir unable to walk dir `/home/gui/projects/portfolio-website/dataconnect`: lstat /home/gui/projects/portfolio-website/dataconnect: no such file or directory\n"}}
[debug] [2026-08-06T02:07:58.586Z] E0805 23:07:58.586386  797570 watch.go:40] Failed to load config from "/home/gui/projects/portfolio-website/dataconnect": could not find dataconnect.yaml in `/home/gui/projects/portfolio-website/dataconnect`
 {"metadata":{"emulator":{"name":"dataconnect"},"message":"E0805 23:07:58.586386  797570 watch.go:40] Failed to load config from \"/home/gui/projects/portfolio-website/dataconnect\": could not find dataconnect.yaml in `/home/gui/projects/portfolio-website/dataconnect`\n"}}
[debug] [2026-08-06T02:08:08.594Z] E0805 23:08:08.594384  797570 watch.go:40] Failed to load config from "/home/gui/projects/portfolio-website/dataconnect": could not find dataconnect.yaml in `/home/gui/projects/portfolio-website/dataconnect`
 {"metadata":{"emulator":{"name":"dataconnect"},"message":"E0805 23:08:08.594384  797570 watch.go:40] Failed to load config from \"/home/gui/projects/portfolio-website/dataconnect\": could not find dataconnect.yaml in `/home/gui/projects/portfolio-website/dataconnect`\n"}}
[debug] [2026-08-06T02:08:18.594Z] E0805 23:08:18.594357  797570 watch.go:40] Failed to load config from "/home/gui/projects/portfolio-website/dataconnect": could not find dataconnect.yaml in `/home/gui/projects/portfolio-website/dataconnect`
 {"metadata":{"emulator":{"name":"dataconnect"},"message":"E0805 23:08:18.594357  797570 watch.go:40] Failed to load config from \"/home/gui/projects/portfolio-website/dataconnect\": could not find dataconnect.yaml in `/home/gui/projects/portfolio-website/dataconnect`\n"}}
[debug] [2026-08-06T02:08:28.586Z] E0805 23:08:28.586379  797570 watch.go:40] Failed to load config from "/home/gui/projects/portfolio-website/dataconnect": could not find dataconnect.yaml in `/home/gui/projects/portfolio-website/dataconnect`
 {"metadata":{"emulator":{"name":"dataconnect"},"message":"E0805 23:08:28.586379  797570 watch.go:40] Failed to load config from \"/home/gui/projects/portfolio-website/dataconnect\": could not find dataconnect.yaml in `/home/gui/projects/portfolio-website/dataconnect`\n"}}
[debug] [2026-08-06T02:08:38.594Z] E0805 23:08:38.594416  797570 watch.go:40] Failed to load config from "/home/gui/projects/portfolio-website/dataconnect": could not find dataconnect.yaml in `/home/gui/projects/portfolio-website/dataconnect`
 {"metadata":{"emulator":{"name":"dataconnect"},"message":"E0805 23:08:38.594416  797570 watch.go:40] Failed to load config from \"/home/gui/projects/portfolio-website/dataconnect\": could not find dataconnect.yaml in `/home/gui/projects/portfolio-website/dataconnect`\n"}}
[debug] [2026-08-06T02:08:48.594Z] E0805 23:08:48.594356  797570 watch.go:40] Failed to load config from "/home/gui/projects/portfolio-website/dataconnect": could not find dataconnect.yaml in `/home/gui/projects/portfolio-website/dataconnect`
 {"metadata":{"emulator":{"name":"dataconnect"},"message":"E0805 23:08:48.594356  797570 watch.go:40] Failed to load config from \"/home/gui/projects/portfolio-website/dataconnect\": could not find dataconnect.yaml in `/home/gui/projects/portfolio-website/dataconnect`\n"}}
[debug] [2026-08-06T02:08:58.586Z] E0805 23:08:58.586347  797570 watch.go:116] watchAllDir unable to walk dir `/home/gui/projects/portfolio-website/dataconnect`: lstat /home/gui/projects/portfolio-website/dataconnect: no such file or directory
E0805 23:08:58.586366  797570 watch.go:40] Failed to load config from "/home/gui/projects/portfolio-website/dataconnect": could not find dataconnect.yaml in `/home/gui/projects/portfolio-website/dataconnect`
 {"metadata":{"emulator":{"name":"dataconnect"},"message":"E0805 23:08:58.586347  797570 watch.go:116] watchAllDir unable to walk dir `/home/gui/projects/portfolio-website/dataconnect`: lstat /home/gui/projects/portfolio-website/dataconnect: no such file or directory\nE0805 23:08:58.586366  797570 watch.go:40] Failed to load config from \"/home/gui/projects/portfolio-website/dataconnect\": could not find dataconnect.yaml in `/home/gui/projects/portfolio-website/dataconnect`\n"}}
[debug] [2026-08-06T02:09:08.594Z] E0805 23:09:08.594376  797570 watch.go:40] Failed to load config from "/home/gui/projects/portfolio-website/dataconnect": could not find dataconnect.yaml in `/home/gui/projects/portfolio-website/dataconnect`
 {"metadata":{"emulator":{"name":"dataconnect"},"message":"E0805 23:09:08.594376  797570 watch.go:40] Failed to load config from \"/home/gui/projects/portfolio-website/dataconnect\": could not find dataconnect.yaml in `/home/gui/projects/portfolio-website/dataconnect`\n"}}
[debug] [2026-08-06T02:09:18.595Z] E0805 23:09:18.595376  797570 watch.go:40] Failed to load config from "/home/gui/projects/portfolio-website/dataconnect": could not find dataconnect.yaml in `/home/gui/projects/portfolio-website/dataconnect`
 {"metadata":{"emulator":{"name":"dataconnect"},"message":"E0805 23:09:18.595376  797570 watch.go:40] Failed to load config from \"/home/gui/projects/portfolio-website/dataconnect\": could not find dataconnect.yaml in `/home/gui/projects/portfolio-website/dataconnect`\n"}}
[debug] [2026-08-06T02:09:28.586Z] E0805 23:09:28.586381  797570 watch.go:40] Failed to load config from "/home/gui/projects/portfolio-website/dataconnect": could not find dataconnect.yaml in `/home/gui/projects/portfolio-website/dataconnect`
 {"metadata":{"emulator":{"name":"dataconnect"},"message":"E0805 23:09:28.586381  797570 watch.go:40] Failed to load config from \"/home/gui/projects/portfolio-website/dataconnect\": could not find dataconnect.yaml in `/home/gui/projects/portfolio-website/dataconnect`\n"}}
[debug] [2026-08-06T02:09:38.586Z] E0805 23:09:38.585999  797570 watch.go:40] Failed to load config from "/home/gui/projects/portfolio-website/dataconnect": could not find dataconnect.yaml in `/home/gui/projects/portfolio-website/dataconnect`
 {"metadata":{"emulator":{"name":"dataconnect"},"message":"E0805 23:09:38.585999  797570 watch.go:40] Failed to load config from \"/home/gui/projects/portfolio-website/dataconnect\": could not find dataconnect.yaml in `/home/gui/projects/portfolio-website/dataconnect`\n"}}
[debug] [2026-08-06T02:09:48.585Z] E0805 23:09:48.585706  797570 watch.go:40] Failed to load config from "/home/gui/projects/portfolio-website/dataconnect": could not find dataconnect.yaml in `/home/gui/projects/portfolio-website/dataconnect`
 {"metadata":{"emulator":{"name":"dataconnect"},"message":"E0805 23:09:48.585706  797570 watch.go:40] Failed to load config from \"/home/gui/projects/portfolio-website/dataconnect\": could not find dataconnect.yaml in `/home/gui/projects/portfolio-website/dataconnect`\n"}}
[debug] [2026-08-06T02:09:58.586Z] E0805 23:09:58.586390  797570 watch.go:116] watchAllDir unable to walk dir `/home/gui/projects/portfolio-website/dataconnect`: lstat /home/gui/projects/portfolio-website/dataconnect: no such file or directory
 {"metadata":{"emulator":{"name":"dataconnect"},"message":"E0805 23:09:58.586390  797570 watch.go:116] watchAllDir unable to walk dir `/home/gui/projects/portfolio-website/dataconnect`: lstat /home/gui/projects/portfolio-website/dataconnect: no such file or directory\n"}}
[debug] [2026-08-06T02:09:58.586Z] E0805 23:09:58.586455  797570 watch.go:40] Failed to load config from "/home/gui/projects/portfolio-website/dataconnect": could not find dataconnect.yaml in `/home/gui/projects/portfolio-website/dataconnect`
 {"metadata":{"emulator":{"name":"dataconnect"},"message":"E0805 23:09:58.586455  797570 watch.go:40] Failed to load config from \"/home/gui/projects/portfolio-website/dataconnect\": could not find dataconnect.yaml in `/home/gui/projects/portfolio-website/dataconnect`\n"}}
[debug] [2026-08-06T02:10:08.594Z] E0805 23:10:08.594355  797570 watch.go:40] Failed to load config from "/home/gui/projects/portfolio-website/dataconnect": could not find dataconnect.yaml in `/home/gui/projects/portfolio-website/dataconnect`
 {"metadata":{"emulator":{"name":"dataconnect"},"message":"E0805 23:10:08.594355  797570 watch.go:40] Failed to load config from \"/home/gui/projects/portfolio-website/dataconnect\": could not find dataconnect.yaml in `/home/gui/projects/portfolio-website/dataconnect`\n"}}
[debug] [2026-08-06T02:10:18.586Z] E0805 23:10:18.586206  797570 watch.go:40] Failed to load config from "/home/gui/projects/portfolio-website/dataconnect": could not find dataconnect.yaml in `/home/gui/projects/portfolio-website/dataconnect`
 {"metadata":{"emulator":{"name":"dataconnect"},"message":"E0805 23:10:18.586206  797570 watch.go:40] Failed to load config from \"/home/gui/projects/portfolio-website/dataconnect\": could not find dataconnect.yaml in `/home/gui/projects/portfolio-website/dataconnect`\n"}}
[debug] [2026-08-06T02:10:28.586Z] E0805 23:10:28.586229  797570 watch.go:40] Failed to load config from "/home/gui/projects/portfolio-website/dataconnect": could not find dataconnect.yaml in `/home/gui/projects/portfolio-website/dataconnect`
 {"metadata":{"emulator":{"name":"dataconnect"},"message":"E0805 23:10:28.586229  797570 watch.go:40] Failed to load config from \"/home/gui/projects/portfolio-website/dataconnect\": could not find dataconnect.yaml in `/home/gui/projects/portfolio-website/dataconnect`\n"}}
[debug] [2026-08-06T02:10:38.594Z] E0805 23:10:38.594357  797570 watch.go:40] Failed to load config from "/home/gui/projects/portfolio-website/dataconnect": could not find dataconnect.yaml in `/home/gui/projects/portfolio-website/dataconnect`
 {"metadata":{"emulator":{"name":"dataconnect"},"message":"E0805 23:10:38.594357  797570 watch.go:40] Failed to load config from \"/home/gui/projects/portfolio-website/dataconnect\": could not find dataconnect.yaml in `/home/gui/projects/portfolio-website/dataconnect`\n"}}
[debug] [2026-08-06T02:10:48.595Z] E0805 23:10:48.595379  797570 watch.go:40] Failed to load config from "/home/gui/projects/portfolio-website/dataconnect": could not find dataconnect.yaml in `/home/gui/projects/portfolio-website/dataconnect`
 {"metadata":{"emulator":{"name":"dataconnect"},"message":"E0805 23:10:48.595379  797570 watch.go:40] Failed to load config from \"/home/gui/projects/portfolio-website/dataconnect\": could not find dataconnect.yaml in `/home/gui/projects/portfolio-website/dataconnect`\n"}}
[debug] [2026-08-06T02:10:58.586Z] E0805 23:10:58.586372  797570 watch.go:116] watchAllDir unable to walk dir `/home/gui/projects/portfolio-website/dataconnect`: lstat /home/gui/projects/portfolio-website/dataconnect: no such file or directory
 {"metadata":{"emulator":{"name":"dataconnect"},"message":"E0805 23:10:58.586372  797570 watch.go:116] watchAllDir unable to walk dir `/home/gui/projects/portfolio-website/dataconnect`: lstat /home/gui/projects/portfolio-website/dataconnect: no such file or directory\n"}}
[debug] [2026-08-06T02:10:58.586Z] E0805 23:10:58.586431  797570 watch.go:40] Failed to load config from "/home/gui/projects/portfolio-website/dataconnect": could not find dataconnect.yaml in `/home/gui/projects/portfolio-website/dataconnect`
 {"metadata":{"emulator":{"name":"dataconnect"},"message":"E0805 23:10:58.586431  797570 watch.go:40] Failed to load config from \"/home/gui/projects/portfolio-website/dataconnect\": could not find dataconnect.yaml in `/home/gui/projects/portfolio-website/dataconnect`\n"}}
[debug] [2026-08-06T02:11:08.594Z] E0805 23:11:08.594455  797570 watch.go:40] Failed to load config from "/home/gui/projects/portfolio-website/dataconnect": could not find dataconnect.yaml in `/home/gui/projects/portfolio-website/dataconnect`
 {"metadata":{"emulator":{"name":"dataconnect"},"message":"E0805 23:11:08.594455  797570 watch.go:40] Failed to load config from \"/home/gui/projects/portfolio-website/dataconnect\": could not find dataconnect.yaml in `/home/gui/projects/portfolio-website/dataconnect`\n"}}
[debug] [2026-08-06T02:11:18.594Z] E0805 23:11:18.594469  797570 watch.go:40] Failed to load config from "/home/gui/projects/portfolio-website/dataconnect": could not find dataconnect.yaml in `/home/gui/projects/portfolio-website/dataconnect`
 {"metadata":{"emulator":{"name":"dataconnect"},"message":"E0805 23:11:18.594469  797570 watch.go:40] Failed to load config from \"/home/gui/projects/portfolio-website/dataconnect\": could not find dataconnect.yaml in `/home/gui/projects/portfolio-website/dataconnect`\n"}}
[debug] [2026-08-06T02:11:28.586Z] E0805 23:11:28.586485  797570 watch.go:40] Failed to load config from "/home/gui/projects/portfolio-website/dataconnect": could not find dataconnect.yaml in `/home/gui/projects/portfolio-website/dataconnect`
 {"metadata":{"emulator":{"name":"dataconnect"},"message":"E0805 23:11:28.586485  797570 watch.go:40] Failed to load config from \"/home/gui/projects/portfolio-website/dataconnect\": could not find dataconnect.yaml in `/home/gui/projects/portfolio-website/dataconnect`\n"}}
[debug] [2026-08-06T02:11:38.594Z] E0805 23:11:38.594526  797570 watch.go:40] Failed to load config from "/home/gui/projects/portfolio-website/dataconnect": could not find dataconnect.yaml in `/home/gui/projects/portfolio-website/dataconnect`
 {"metadata":{"emulator":{"name":"dataconnect"},"message":"E0805 23:11:38.594526  797570 watch.go:40] Failed to load config from \"/home/gui/projects/portfolio-website/dataconnect\": could not find dataconnect.yaml in `/home/gui/projects/portfolio-website/dataconnect`\n"}}
[debug] [2026-08-06T02:11:48.594Z] E0805 23:11:48.594552  797570 watch.go:40] Failed to load config from "/home/gui/projects/portfolio-website/dataconnect": could not find dataconnect.yaml in `/home/gui/projects/portfolio-website/dataconnect`
 {"metadata":{"emulator":{"name":"dataconnect"},"message":"E0805 23:11:48.594552  797570 watch.go:40] Failed to load config from \"/home/gui/projects/portfolio-website/dataconnect\": could not find dataconnect.yaml in `/home/gui/projects/portfolio-website/dataconnect`\n"}}
[debug] [2026-08-06T02:11:58.586Z] E0805 23:11:58.586536  797570 watch.go:116] watchAllDir unable to walk dir `/home/gui/projects/portfolio-website/dataconnect`: lstat /home/gui/projects/portfolio-website/dataconnect: no such file or directory
E0805 23:11:58.586561  797570 watch.go:40] Failed to load config from "/home/gui/projects/portfolio-website/dataconnect": could not find dataconnect.yaml in `/home/gui/projects/portfolio-website/dataconnect`
 {"metadata":{"emulator":{"name":"dataconnect"},"message":"E0805 23:11:58.586536  797570 watch.go:116] watchAllDir unable to walk dir `/home/gui/projects/portfolio-website/dataconnect`: lstat /home/gui/projects/portfolio-website/dataconnect: no such file or directory\nE0805 23:11:58.586561  797570 watch.go:40] Failed to load config from \"/home/gui/projects/portfolio-website/dataconnect\": could not find dataconnect.yaml in `/home/gui/projects/portfolio-website/dataconnect`\n"}}
[debug] [2026-08-06T02:12:08.585Z] E0805 23:12:08.585511  797570 watch.go:40] Failed to load config from "/home/gui/projects/portfolio-website/dataconnect": could not find dataconnect.yaml in `/home/gui/projects/portfolio-website/dataconnect`
 {"metadata":{"emulator":{"name":"dataconnect"},"message":"E0805 23:12:08.585511  797570 watch.go:40] Failed to load config from \"/home/gui/projects/portfolio-website/dataconnect\": could not find dataconnect.yaml in `/home/gui/projects/portfolio-website/dataconnect`\n"}}
[debug] [2026-08-06T02:12:18.594Z] E0805 23:12:18.594363  797570 watch.go:40] Failed to load config from "/home/gui/projects/portfolio-website/dataconnect": could not find dataconnect.yaml in `/home/gui/projects/portfolio-website/dataconnect`
 {"metadata":{"emulator":{"name":"dataconnect"},"message":"E0805 23:12:18.594363  797570 watch.go:40] Failed to load config from \"/home/gui/projects/portfolio-website/dataconnect\": could not find dataconnect.yaml in `/home/gui/projects/portfolio-website/dataconnect`\n"}}
[debug] [2026-08-06T02:12:28.585Z] E0805 23:12:28.585639  797570 watch.go:40] Failed to load config from "/home/gui/projects/portfolio-website/dataconnect": could not find dataconnect.yaml in `/home/gui/projects/portfolio-website/dataconnect`
 {"metadata":{"emulator":{"name":"dataconnect"},"message":"E0805 23:12:28.585639  797570 watch.go:40] Failed to load config from \"/home/gui/projects/portfolio-website/dataconnect\": could not find dataconnect.yaml in `/home/gui/projects/portfolio-website/dataconnect`\n"}}
[debug] [2026-08-06T02:12:38.587Z] E0805 23:12:38.587798  797570 watch.go:40] Failed to load config from "/home/gui/projects/portfolio-website/dataconnect": could not find dataconnect.yaml in `/home/gui/projects/portfolio-website/dataconnect`
 {"metadata":{"emulator":{"name":"dataconnect"},"message":"E0805 23:12:38.587798  797570 watch.go:40] Failed to load config from \"/home/gui/projects/portfolio-website/dataconnect\": could not find dataconnect.yaml in `/home/gui/projects/portfolio-website/dataconnect`\n"}}
[debug] [2026-08-06T02:12:48.594Z] E0805 23:12:48.594830  797570 watch.go:40] Failed to load config from "/home/gui/projects/portfolio-website/dataconnect": could not find dataconnect.yaml in `/home/gui/projects/portfolio-website/dataconnect`
 {"metadata":{"emulator":{"name":"dataconnect"},"message":"E0805 23:12:48.594830  797570 watch.go:40] Failed to load config from \"/home/gui/projects/portfolio-website/dataconnect\": could not find dataconnect.yaml in `/home/gui/projects/portfolio-website/dataconnect`\n"}}
[debug] [2026-08-06T02:12:58.586Z] E0805 23:12:58.586571  797570 watch.go:116] watchAllDir unable to walk dir `/home/gui/projects/portfolio-website/dataconnect`: lstat /home/gui/projects/portfolio-website/dataconnect: no such file or directory
E0805 23:12:58.586610  797570 watch.go:40] Failed to load config from "/home/gui/projects/portfolio-website/dataconnect": could not find dataconnect.yaml in `/home/gui/projects/portfolio-website/dataconnect`
 {"metadata":{"emulator":{"name":"dataconnect"},"message":"E0805 23:12:58.586571  797570 watch.go:116] watchAllDir unable to walk dir `/home/gui/projects/portfolio-website/dataconnect`: lstat /home/gui/projects/portfolio-website/dataconnect: no such file or directory\nE0805 23:12:58.586610  797570 watch.go:40] Failed to load config from \"/home/gui/projects/portfolio-website/dataconnect\": could not find dataconnect.yaml in `/home/gui/projects/portfolio-website/dataconnect`\n"}}
[debug] [2026-08-06T02:13:08.593Z] E0805 23:13:08.593595  797570 watch.go:40] Failed to load config from "/home/gui/projects/portfolio-website/dataconnect": could not find dataconnect.yaml in `/home/gui/projects/portfolio-website/dataconnect`
 {"metadata":{"emulator":{"name":"dataconnect"},"message":"E0805 23:13:08.593595  797570 watch.go:40] Failed to load config from \"/home/gui/projects/portfolio-website/dataconnect\": could not find dataconnect.yaml in `/home/gui/projects/portfolio-website/dataconnect`\n"}}
[debug] [2026-08-06T02:13:18.594Z] E0805 23:13:18.594604  797570 watch.go:40] Failed to load config from "/home/gui/projects/portfolio-website/dataconnect": could not find dataconnect.yaml in `/home/gui/projects/portfolio-website/dataconnect`
 {"metadata":{"emulator":{"name":"dataconnect"},"message":"E0805 23:13:18.594604  797570 watch.go:40] Failed to load config from \"/home/gui/projects/portfolio-website/dataconnect\": could not find dataconnect.yaml in `/home/gui/projects/portfolio-website/dataconnect`\n"}}
[debug] [2026-08-06T02:13:28.586Z] E0805 23:13:28.586355  797570 watch.go:40] Failed to load config from "/home/gui/projects/portfolio-website/dataconnect": could not find dataconnect.yaml in `/home/gui/projects/portfolio-website/dataconnect`
 {"metadata":{"emulator":{"name":"dataconnect"},"message":"E0805 23:13:28.586355  797570 watch.go:40] Failed to load config from \"/home/gui/projects/portfolio-website/dataconnect\": could not find dataconnect.yaml in `/home/gui/projects/portfolio-website/dataconnect`\n"}}
[debug] [2026-08-06T02:13:38.595Z] E0805 23:13:38.595347  797570 watch.go:40] Failed to load config from "/home/gui/projects/portfolio-website/dataconnect": could not find dataconnect.yaml in `/home/gui/projects/portfolio-website/dataconnect`
 {"metadata":{"emulator":{"name":"dataconnect"},"message":"E0805 23:13:38.595347  797570 watch.go:40] Failed to load config from \"/home/gui/projects/portfolio-website/dataconnect\": could not find dataconnect.yaml in `/home/gui/projects/portfolio-website/dataconnect`\n"}}
[debug] [2026-08-06T02:13:48.593Z] E0805 23:13:48.593603  797570 watch.go:40] Failed to load config from "/home/gui/projects/portfolio-website/dataconnect": could not find dataconnect.yaml in `/home/gui/projects/portfolio-website/dataconnect`
 {"metadata":{"emulator":{"name":"dataconnect"},"message":"E0805 23:13:48.593603  797570 watch.go:40] Failed to load config from \"/home/gui/projects/portfolio-website/dataconnect\": could not find dataconnect.yaml in `/home/gui/projects/portfolio-website/dataconnect`\n"}}
[debug] [2026-08-06T02:13:58.585Z] E0805 23:13:58.585844  797570 watch.go:116] watchAllDir unable to walk dir `/home/gui/projects/portfolio-website/dataconnect`: lstat /home/gui/projects/portfolio-website/dataconnect: no such file or directory
E0805 23:13:58.585889  797570 watch.go:40] Failed to load config from "/home/gui/projects/portfolio-website/dataconnect": could not find dataconnect.yaml in `/home/gui/projects/portfolio-website/dataconnect`
 {"metadata":{"emulator":{"name":"dataconnect"},"message":"E0805 23:13:58.585844  797570 watch.go:116] watchAllDir unable to walk dir `/home/gui/projects/portfolio-website/dataconnect`: lstat /home/gui/projects/portfolio-website/dataconnect: no such file or directory\nE0805 23:13:58.585889  797570 watch.go:40] Failed to load config from \"/home/gui/projects/portfolio-website/dataconnect\": could not find dataconnect.yaml in `/home/gui/projects/portfolio-website/dataconnect`\n"}}
[debug] [2026-08-06T02:14:08.585Z] E0805 23:14:08.585694  797570 watch.go:40] Failed to load config from "/home/gui/projects/portfolio-website/dataconnect": could not find dataconnect.yaml in `/home/gui/projects/portfolio-website/dataconnect`
 {"metadata":{"emulator":{"name":"dataconnect"},"message":"E0805 23:14:08.585694  797570 watch.go:40] Failed to load config from \"/home/gui/projects/portfolio-website/dataconnect\": could not find dataconnect.yaml in `/home/gui/projects/portfolio-website/dataconnect`\n"}}
[debug] [2026-08-06T02:14:18.585Z] E0805 23:14:18.585485  797570 watch.go:40] Failed to load config from "/home/gui/projects/portfolio-website/dataconnect": could not find dataconnect.yaml in `/home/gui/projects/portfolio-website/dataconnect`
 {"metadata":{"emulator":{"name":"dataconnect"},"message":"E0805 23:14:18.585485  797570 watch.go:40] Failed to load config from \"/home/gui/projects/portfolio-website/dataconnect\": could not find dataconnect.yaml in `/home/gui/projects/portfolio-website/dataconnect`\n"}}
[debug] [2026-08-06T02:14:28.585Z] E0805 23:14:28.585458  797570 watch.go:40] Failed to load config from "/home/gui/projects/portfolio-website/dataconnect": could not find dataconnect.yaml in `/home/gui/projects/portfolio-website/dataconnect`
 {"metadata":{"emulator":{"name":"dataconnect"},"message":"E0805 23:14:28.585458  797570 watch.go:40] Failed to load config from \"/home/gui/projects/portfolio-website/dataconnect\": could not find dataconnect.yaml in `/home/gui/projects/portfolio-website/dataconnect`\n"}}
[debug] [2026-08-06T02:14:38.594Z] E0805 23:14:38.594360  797570 watch.go:40] Failed to load config from "/home/gui/projects/portfolio-website/dataconnect": could not find dataconnect.yaml in `/home/gui/projects/portfolio-website/dataconnect`
 {"metadata":{"emulator":{"name":"dataconnect"},"message":"E0805 23:14:38.594360  797570 watch.go:40] Failed to load config from \"/home/gui/projects/portfolio-website/dataconnect\": could not find dataconnect.yaml in `/home/gui/projects/portfolio-website/dataconnect`\n"}}
[debug] [2026-08-06T02:14:48.593Z] E0805 23:14:48.593066  797570 watch.go:40] Failed to load config from "/home/gui/projects/portfolio-website/dataconnect": could not find dataconnect.yaml in `/home/gui/projects/portfolio-website/dataconnect`
 {"metadata":{"emulator":{"name":"dataconnect"},"message":"E0805 23:14:48.593066  797570 watch.go:40] Failed to load config from \"/home/gui/projects/portfolio-website/dataconnect\": could not find dataconnect.yaml in `/home/gui/projects/portfolio-website/dataconnect`\n"}}
[debug] [2026-08-06T02:14:58.586Z] E0805 23:14:58.586418  797570 watch.go:116] watchAllDir unable to walk dir `/home/gui/projects/portfolio-website/dataconnect`: lstat /home/gui/projects/portfolio-website/dataconnect: no such file or directory
E0805 23:14:58.586462  797570 watch.go:40] Failed to load config from "/home/gui/projects/portfolio-website/dataconnect": could not find dataconnect.yaml in `/home/gui/projects/portfolio-website/dataconnect`
 {"metadata":{"emulator":{"name":"dataconnect"},"message":"E0805 23:14:58.586418  797570 watch.go:116] watchAllDir unable to walk dir `/home/gui/projects/portfolio-website/dataconnect`: lstat /home/gui/projects/portfolio-website/dataconnect: no such file or directory\nE0805 23:14:58.586462  797570 watch.go:40] Failed to load config from \"/home/gui/projects/portfolio-website/dataconnect\": could not find dataconnect.yaml in `/home/gui/projects/portfolio-website/dataconnect`\n"}}
[debug] [2026-08-06T02:15:08.594Z] E0805 23:15:08.594366  797570 watch.go:40] Failed to load config from "/home/gui/projects/portfolio-website/dataconnect": could not find dataconnect.yaml in `/home/gui/projects/portfolio-website/dataconnect`
 {"metadata":{"emulator":{"name":"dataconnect"},"message":"E0805 23:15:08.594366  797570 watch.go:40] Failed to load config from \"/home/gui/projects/portfolio-website/dataconnect\": could not find dataconnect.yaml in `/home/gui/projects/portfolio-website/dataconnect`\n"}}
[debug] [2026-08-06T02:15:18.595Z] E0805 23:15:18.595397  797570 watch.go:40] Failed to load config from "/home/gui/projects/portfolio-website/dataconnect": could not find dataconnect.yaml in `/home/gui/projects/portfolio-website/dataconnect`
 {"metadata":{"emulator":{"name":"dataconnect"},"message":"E0805 23:15:18.595397  797570 watch.go:40] Failed to load config from \"/home/gui/projects/portfolio-website/dataconnect\": could not find dataconnect.yaml in `/home/gui/projects/portfolio-website/dataconnect`\n"}}
[debug] [2026-08-06T02:15:28.586Z] E0805 23:15:28.586405  797570 watch.go:40] Failed to load config from "/home/gui/projects/portfolio-website/dataconnect": could not find dataconnect.yaml in `/home/gui/projects/portfolio-website/dataconnect`
 {"metadata":{"emulator":{"name":"dataconnect"},"message":"E0805 23:15:28.586405  797570 watch.go:40] Failed to load config from \"/home/gui/projects/portfolio-website/dataconnect\": could not find dataconnect.yaml in `/home/gui/projects/portfolio-website/dataconnect`\n"}}
[debug] [2026-08-06T02:15:38.594Z] E0805 23:15:38.594359  797570 watch.go:40] Failed to load config from "/home/gui/projects/portfolio-website/dataconnect": could not find dataconnect.yaml in `/home/gui/projects/portfolio-website/dataconnect`
 {"metadata":{"emulator":{"name":"dataconnect"},"message":"E0805 23:15:38.594359  797570 watch.go:40] Failed to load config from \"/home/gui/projects/portfolio-website/dataconnect\": could not find dataconnect.yaml in `/home/gui/projects/portfolio-website/dataconnect`\n"}}
[debug] [2026-08-06T02:15:48.595Z] E0805 23:15:48.595358  797570 watch.go:40] Failed to load config from "/home/gui/projects/portfolio-website/dataconnect": could not find dataconnect.yaml in `/home/gui/projects/portfolio-website/dataconnect`
 {"metadata":{"emulator":{"name":"dataconnect"},"message":"E0805 23:15:48.595358  797570 watch.go:40] Failed to load config from \"/home/gui/projects/portfolio-website/dataconnect\": could not find dataconnect.yaml in `/home/gui/projects/portfolio-website/dataconnect`\n"}}
[debug] [2026-08-06T02:15:58.586Z] E0805 23:15:58.586333  797570 watch.go:116] watchAllDir unable to walk dir `/home/gui/projects/portfolio-website/dataconnect`: lstat /home/gui/projects/portfolio-website/dataconnect: no such file or directory
 {"metadata":{"emulator":{"name":"dataconnect"},"message":"E0805 23:15:58.586333  797570 watch.go:116] watchAllDir unable to walk dir `/home/gui/projects/portfolio-website/dataconnect`: lstat /home/gui/projects/portfolio-website/dataconnect: no such file or directory\n"}}
[debug] [2026-08-06T02:15:58.586Z] E0805 23:15:58.586383  797570 watch.go:40] Failed to load config from "/home/gui/projects/portfolio-website/dataconnect": could not find dataconnect.yaml in `/home/gui/projects/portfolio-website/dataconnect`
 {"metadata":{"emulator":{"name":"dataconnect"},"message":"E0805 23:15:58.586383  797570 watch.go:40] Failed to load config from \"/home/gui/projects/portfolio-website/dataconnect\": could not find dataconnect.yaml in `/home/gui/projects/portfolio-website/dataconnect`\n"}}
[debug] [2026-08-06T02:16:08.595Z] E0805 23:16:08.595463  797570 watch.go:40] Failed to load config from "/home/gui/projects/portfolio-website/dataconnect": could not find dataconnect.yaml in `/home/gui/projects/portfolio-website/dataconnect`
 {"metadata":{"emulator":{"name":"dataconnect"},"message":"E0805 23:16:08.595463  797570 watch.go:40] Failed to load config from \"/home/gui/projects/portfolio-website/dataconnect\": could not find dataconnect.yaml in `/home/gui/projects/portfolio-website/dataconnect`\n"}}
[debug] [2026-08-06T02:16:18.585Z] E0805 23:16:18.585511  797570 watch.go:40] Failed to load config from "/home/gui/projects/portfolio-website/dataconnect": could not find dataconnect.yaml in `/home/gui/projects/portfolio-website/dataconnect`
 {"metadata":{"emulator":{"name":"dataconnect"},"message":"E0805 23:16:18.585511  797570 watch.go:40] Failed to load config from \"/home/gui/projects/portfolio-website/dataconnect\": could not find dataconnect.yaml in `/home/gui/projects/portfolio-website/dataconnect`\n"}}
[debug] [2026-08-06T02:16:28.585Z] E0805 23:16:28.585647  797570 watch.go:40] Failed to load config from "/home/gui/projects/portfolio-website/dataconnect": could not find dataconnect.yaml in `/home/gui/projects/portfolio-website/dataconnect`
 {"metadata":{"emulator":{"name":"dataconnect"},"message":"E0805 23:16:28.585647  797570 watch.go:40] Failed to load config from \"/home/gui/projects/portfolio-website/dataconnect\": could not find dataconnect.yaml in `/home/gui/projects/portfolio-website/dataconnect`\n"}}
[debug] [2026-08-06T02:16:38.594Z] E0805 23:16:38.594688  797570 watch.go:40] Failed to load config from "/home/gui/projects/portfolio-website/dataconnect": could not find dataconnect.yaml in `/home/gui/projects/portfolio-website/dataconnect`
 {"metadata":{"emulator":{"name":"dataconnect"},"message":"E0805 23:16:38.594688  797570 watch.go:40] Failed to load config from \"/home/gui/projects/portfolio-website/dataconnect\": could not find dataconnect.yaml in `/home/gui/projects/portfolio-website/dataconnect`\n"}}
[debug] [2026-08-06T02:16:48.589Z] E0805 23:16:48.589064  797570 watch.go:40] Failed to load config from "/home/gui/projects/portfolio-website/dataconnect": could not find dataconnect.yaml in `/home/gui/projects/portfolio-website/dataconnect`
 {"metadata":{"emulator":{"name":"dataconnect"},"message":"E0805 23:16:48.589064  797570 watch.go:40] Failed to load config from \"/home/gui/projects/portfolio-website/dataconnect\": could not find dataconnect.yaml in `/home/gui/projects/portfolio-website/dataconnect`\n"}}
[debug] [2026-08-06T02:16:58.585Z] E0805 23:16:58.585577  797570 watch.go:116] watchAllDir unable to walk dir `/home/gui/projects/portfolio-website/dataconnect`: lstat /home/gui/projects/portfolio-website/dataconnect: no such file or directory
E0805 23:16:58.585640  797570 watch.go:40] Failed to load config from "/home/gui/projects/portfolio-website/dataconnect": could not find dataconnect.yaml in `/home/gui/projects/portfolio-website/dataconnect`
 {"metadata":{"emulator":{"name":"dataconnect"},"message":"E0805 23:16:58.585577  797570 watch.go:116] watchAllDir unable to walk dir `/home/gui/projects/portfolio-website/dataconnect`: lstat /home/gui/projects/portfolio-website/dataconnect: no such file or directory\nE0805 23:16:58.585640  797570 watch.go:40] Failed to load config from \"/home/gui/projects/portfolio-website/dataconnect\": could not find dataconnect.yaml in `/home/gui/projects/portfolio-website/dataconnect`\n"}}
[debug] [2026-08-06T02:17:08.594Z] E0805 23:17:08.594656  797570 watch.go:40] Failed to load config from "/home/gui/projects/portfolio-website/dataconnect": could not find dataconnect.yaml in `/home/gui/projects/portfolio-website/dataconnect`
 {"metadata":{"emulator":{"name":"dataconnect"},"message":"E0805 23:17:08.594656  797570 watch.go:40] Failed to load config from \"/home/gui/projects/portfolio-website/dataconnect\": could not find dataconnect.yaml in `/home/gui/projects/portfolio-website/dataconnect`\n"}}
[debug] [2026-08-06T02:17:18.594Z] E0805 23:17:18.594011  797570 watch.go:40] Failed to load config from "/home/gui/projects/portfolio-website/dataconnect": could not find dataconnect.yaml in `/home/gui/projects/portfolio-website/dataconnect`
 {"metadata":{"emulator":{"name":"dataconnect"},"message":"E0805 23:17:18.594011  797570 watch.go:40] Failed to load config from \"/home/gui/projects/portfolio-website/dataconnect\": could not find dataconnect.yaml in `/home/gui/projects/portfolio-website/dataconnect`\n"}}
[debug] [2026-08-06T02:17:28.586Z] E0805 23:17:28.586197  797570 watch.go:40] Failed to load config from "/home/gui/projects/portfolio-website/dataconnect": could not find dataconnect.yaml in `/home/gui/projects/portfolio-website/dataconnect`
 {"metadata":{"emulator":{"name":"dataconnect"},"message":"E0805 23:17:28.586197  797570 watch.go:40] Failed to load config from \"/home/gui/projects/portfolio-website/dataconnect\": could not find dataconnect.yaml in `/home/gui/projects/portfolio-website/dataconnect`\n"}}
[debug] [2026-08-06T02:17:38.594Z] E0805 23:17:38.594355  797570 watch.go:40] Failed to load config from "/home/gui/projects/portfolio-website/dataconnect": could not find dataconnect.yaml in `/home/gui/projects/portfolio-website/dataconnect`
 {"metadata":{"emulator":{"name":"dataconnect"},"message":"E0805 23:17:38.594355  797570 watch.go:40] Failed to load config from \"/home/gui/projects/portfolio-website/dataconnect\": could not find dataconnect.yaml in `/home/gui/projects/portfolio-website/dataconnect`\n"}}
[debug] [2026-08-06T02:17:48.595Z] E0805 23:17:48.595354  797570 watch.go:40] Failed to load config from "/home/gui/projects/portfolio-website/dataconnect": could not find dataconnect.yaml in `/home/gui/projects/portfolio-website/dataconnect`
 {"metadata":{"emulator":{"name":"dataconnect"},"message":"E0805 23:17:48.595354  797570 watch.go:40] Failed to load config from \"/home/gui/projects/portfolio-website/dataconnect\": could not find dataconnect.yaml in `/home/gui/projects/portfolio-website/dataconnect`\n"}}
[debug] [2026-08-06T02:17:58.586Z] E0805 23:17:58.586346  797570 watch.go:116] watchAllDir unable to walk dir `/home/gui/projects/portfolio-website/dataconnect`: lstat /home/gui/projects/portfolio-website/dataconnect: no such file or directory
 {"metadata":{"emulator":{"name":"dataconnect"},"message":"E0805 23:17:58.586346  797570 watch.go:116] watchAllDir unable to walk dir `/home/gui/projects/portfolio-website/dataconnect`: lstat /home/gui/projects/portfolio-website/dataconnect: no such file or directory\n"}}
[debug] [2026-08-06T02:17:58.586Z] E0805 23:17:58.586404  797570 watch.go:40] Failed to load config from "/home/gui/projects/portfolio-website/dataconnect": could not find dataconnect.yaml in `/home/gui/projects/portfolio-website/dataconnect`
 {"metadata":{"emulator":{"name":"dataconnect"},"message":"E0805 23:17:58.586404  797570 watch.go:40] Failed to load config from \"/home/gui/projects/portfolio-website/dataconnect\": could not find dataconnect.yaml in `/home/gui/projects/portfolio-website/dataconnect`\n"}}
[debug] [2026-08-06T02:18:08.595Z] E0805 23:18:08.595467  797570 watch.go:40] Failed to load config from "/home/gui/projects/portfolio-website/dataconnect": could not find dataconnect.yaml in `/home/gui/projects/portfolio-website/dataconnect`
 {"metadata":{"emulator":{"name":"dataconnect"},"message":"E0805 23:18:08.595467  797570 watch.go:40] Failed to load config from \"/home/gui/projects/portfolio-website/dataconnect\": could not find dataconnect.yaml in `/home/gui/projects/portfolio-website/dataconnect`\n"}}
[debug] [2026-08-06T02:18:18.585Z] E0805 23:18:18.585690  797570 watch.go:40] Failed to load config from "/home/gui/projects/portfolio-website/dataconnect": could not find dataconnect.yaml in `/home/gui/projects/portfolio-website/dataconnect`
 {"metadata":{"emulator":{"name":"dataconnect"},"message":"E0805 23:18:18.585690  797570 watch.go:40] Failed to load config from \"/home/gui/projects/portfolio-website/dataconnect\": could not find dataconnect.yaml in `/home/gui/projects/portfolio-website/dataconnect`\n"}}
[debug] [2026-08-06T02:18:28.586Z] E0805 23:18:28.586003  797570 watch.go:40] Failed to load config from "/home/gui/projects/portfolio-website/dataconnect": could not find dataconnect.yaml in `/home/gui/projects/portfolio-website/dataconnect`
 {"metadata":{"emulator":{"name":"dataconnect"},"message":"E0805 23:18:28.586003  797570 watch.go:40] Failed to load config from \"/home/gui/projects/portfolio-website/dataconnect\": could not find dataconnect.yaml in `/home/gui/projects/portfolio-website/dataconnect`\n"}}
[debug] [2026-08-06T02:18:38.595Z] E0805 23:18:38.595027  797570 watch.go:40] Failed to load config from "/home/gui/projects/portfolio-website/dataconnect": could not find dataconnect.yaml in `/home/gui/projects/portfolio-website/dataconnect`
 {"metadata":{"emulator":{"name":"dataconnect"},"message":"E0805 23:18:38.595027  797570 watch.go:40] Failed to load config from \"/home/gui/projects/portfolio-website/dataconnect\": could not find dataconnect.yaml in `/home/gui/projects/portfolio-website/dataconnect`\n"}}
[debug] [2026-08-06T02:18:48.594Z] E0805 23:18:48.594350  797570 watch.go:40] Failed to load config from "/home/gui/projects/portfolio-website/dataconnect": could not find dataconnect.yaml in `/home/gui/projects/portfolio-website/dataconnect`
 {"metadata":{"emulator":{"name":"dataconnect"},"message":"E0805 23:18:48.594350  797570 watch.go:40] Failed to load config from \"/home/gui/projects/portfolio-website/dataconnect\": could not find dataconnect.yaml in `/home/gui/projects/portfolio-website/dataconnect`\n"}}
[debug] [2026-08-06T02:18:58.586Z] E0805 23:18:58.586344  797570 watch.go:116] watchAllDir unable to walk dir `/home/gui/projects/portfolio-website/dataconnect`: lstat /home/gui/projects/portfolio-website/dataconnect: no such file or directory
 {"metadata":{"emulator":{"name":"dataconnect"},"message":"E0805 23:18:58.586344  797570 watch.go:116] watchAllDir unable to walk dir `/home/gui/projects/portfolio-website/dataconnect`: lstat /home/gui/projects/portfolio-website/dataconnect: no such file or directory\n"}}
[debug] [2026-08-06T02:18:58.586Z] E0805 23:18:58.586388  797570 watch.go:40] Failed to load config from "/home/gui/projects/portfolio-website/dataconnect": could not find dataconnect.yaml in `/home/gui/projects/portfolio-website/dataconnect`
 {"metadata":{"emulator":{"name":"dataconnect"},"message":"E0805 23:18:58.586388  797570 watch.go:40] Failed to load config from \"/home/gui/projects/portfolio-website/dataconnect\": could not find dataconnect.yaml in `/home/gui/projects/portfolio-website/dataconnect`\n"}}
[debug] [2026-08-06T02:19:08.594Z] E0805 23:19:08.594361  797570 watch.go:40] Failed to load config from "/home/gui/projects/portfolio-website/dataconnect": could not find dataconnect.yaml in `/home/gui/projects/portfolio-website/dataconnect`
 {"metadata":{"emulator":{"name":"dataconnect"},"message":"E0805 23:19:08.594361  797570 watch.go:40] Failed to load config from \"/home/gui/projects/portfolio-website/dataconnect\": could not find dataconnect.yaml in `/home/gui/projects/portfolio-website/dataconnect`\n"}}
[debug] [2026-08-06T02:19:18.595Z] E0805 23:19:18.595398  797570 watch.go:40] Failed to load config from "/home/gui/projects/portfolio-website/dataconnect": could not find dataconnect.yaml in `/home/gui/projects/portfolio-website/dataconnect`
 {"metadata":{"emulator":{"name":"dataconnect"},"message":"E0805 23:19:18.595398  797570 watch.go:40] Failed to load config from \"/home/gui/projects/portfolio-website/dataconnect\": could not find dataconnect.yaml in `/home/gui/projects/portfolio-website/dataconnect`\n"}}
[debug] [2026-08-06T02:19:28.586Z] E0805 23:19:28.586400  797570 watch.go:40] Failed to load config from "/home/gui/projects/portfolio-website/dataconnect": could not find dataconnect.yaml in `/home/gui/projects/portfolio-website/dataconnect`
 {"metadata":{"emulator":{"name":"dataconnect"},"message":"E0805 23:19:28.586400  797570 watch.go:40] Failed to load config from \"/home/gui/projects/portfolio-website/dataconnect\": could not find dataconnect.yaml in `/home/gui/projects/portfolio-website/dataconnect`\n"}}
[debug] [2026-08-06T02:19:38.586Z] E0805 23:19:38.586811  797570 watch.go:40] Failed to load config from "/home/gui/projects/portfolio-website/dataconnect": could not find dataconnect.yaml in `/home/gui/projects/portfolio-website/dataconnect`
 {"metadata":{"emulator":{"name":"dataconnect"},"message":"E0805 23:19:38.586811  797570 watch.go:40] Failed to load config from \"/home/gui/projects/portfolio-website/dataconnect\": could not find dataconnect.yaml in `/home/gui/projects/portfolio-website/dataconnect`\n"}}
[debug] [2026-08-06T02:19:48.594Z] E0805 23:19:48.594354  797570 watch.go:40] Failed to load config from "/home/gui/projects/portfolio-website/dataconnect": could not find dataconnect.yaml in `/home/gui/projects/portfolio-website/dataconnect`
 {"metadata":{"emulator":{"name":"dataconnect"},"message":"E0805 23:19:48.594354  797570 watch.go:40] Failed to load config from \"/home/gui/projects/portfolio-website/dataconnect\": could not find dataconnect.yaml in `/home/gui/projects/portfolio-website/dataconnect`\n"}}
[debug] [2026-08-06T02:19:58.586Z] E0805 23:19:58.586346  797570 watch.go:116] watchAllDir unable to walk dir `/home/gui/projects/portfolio-website/dataconnect`: lstat /home/gui/projects/portfolio-website/dataconnect: no such file or directory
E0805 23:19:58.586397  797570 watch.go:40] Failed to load config from "/home/gui/projects/portfolio-website/dataconnect": could not find dataconnect.yaml in `/home/gui/projects/portfolio-website/dataconnect`
 {"metadata":{"emulator":{"name":"dataconnect"},"message":"E0805 23:19:58.586346  797570 watch.go:116] watchAllDir unable to walk dir `/home/gui/projects/portfolio-website/dataconnect`: lstat /home/gui/projects/portfolio-website/dataconnect: no such file or directory\nE0805 23:19:58.586397  797570 watch.go:40] Failed to load config from \"/home/gui/projects/portfolio-website/dataconnect\": could not find dataconnect.yaml in `/home/gui/projects/portfolio-website/dataconnect`\n"}}
[debug] [2026-08-06T02:20:08.590Z] E0805 23:20:08.590208  797570 watch.go:40] Failed to load config from "/home/gui/projects/portfolio-website/dataconnect": could not find dataconnect.yaml in `/home/gui/projects/portfolio-website/dataconnect`
 {"metadata":{"emulator":{"name":"dataconnect"},"message":"E0805 23:20:08.590208  797570 watch.go:40] Failed to load config from \"/home/gui/projects/portfolio-website/dataconnect\": could not find dataconnect.yaml in `/home/gui/projects/portfolio-website/dataconnect`\n"}}
[debug] [2026-08-06T02:20:18.594Z] E0805 23:20:18.594688  797570 watch.go:40] Failed to load config from "/home/gui/projects/portfolio-website/dataconnect": could not find dataconnect.yaml in `/home/gui/projects/portfolio-website/dataconnect`
 {"metadata":{"emulator":{"name":"dataconnect"},"message":"E0805 23:20:18.594688  797570 watch.go:40] Failed to load config from \"/home/gui/projects/portfolio-website/dataconnect\": could not find dataconnect.yaml in `/home/gui/projects/portfolio-website/dataconnect`\n"}}
[debug] [2026-08-06T02:20:28.586Z] E0805 23:20:28.586690  797570 watch.go:40] Failed to load config from "/home/gui/projects/portfolio-website/dataconnect": could not find dataconnect.yaml in `/home/gui/projects/portfolio-website/dataconnect`
 {"metadata":{"emulator":{"name":"dataconnect"},"message":"E0805 23:20:28.586690  797570 watch.go:40] Failed to load config from \"/home/gui/projects/portfolio-website/dataconnect\": could not find dataconnect.yaml in `/home/gui/projects/portfolio-website/dataconnect`\n"}}
[debug] [2026-08-06T02:20:38.585Z] E0805 23:20:38.585470  797570 watch.go:40] Failed to load config from "/home/gui/projects/portfolio-website/dataconnect": could not find dataconnect.yaml in `/home/gui/projects/portfolio-website/dataconnect`
 {"metadata":{"emulator":{"name":"dataconnect"},"message":"E0805 23:20:38.585470  797570 watch.go:40] Failed to load config from \"/home/gui/projects/portfolio-website/dataconnect\": could not find dataconnect.yaml in `/home/gui/projects/portfolio-website/dataconnect`\n"}}
[debug] [2026-08-06T02:20:48.595Z] E0805 23:20:48.595368  797570 watch.go:40] Failed to load config from "/home/gui/projects/portfolio-website/dataconnect": could not find dataconnect.yaml in `/home/gui/projects/portfolio-website/dataconnect`
 {"metadata":{"emulator":{"name":"dataconnect"},"message":"E0805 23:20:48.595368  797570 watch.go:40] Failed to load config from \"/home/gui/projects/portfolio-website/dataconnect\": could not find dataconnect.yaml in `/home/gui/projects/portfolio-website/dataconnect`\n"}}
[debug] [2026-08-06T02:20:58.586Z] E0805 23:20:58.586362  797570 watch.go:116] watchAllDir unable to walk dir `/home/gui/projects/portfolio-website/dataconnect`: lstat /home/gui/projects/portfolio-website/dataconnect: no such file or directory
 {"metadata":{"emulator":{"name":"dataconnect"},"message":"E0805 23:20:58.586362  797570 watch.go:116] watchAllDir unable to walk dir `/home/gui/projects/portfolio-website/dataconnect`: lstat /home/gui/projects/portfolio-website/dataconnect: no such file or directory\n"}}
[debug] [2026-08-06T02:20:58.586Z] E0805 23:20:58.586412  797570 watch.go:40] Failed to load config from "/home/gui/projects/portfolio-website/dataconnect": could not find dataconnect.yaml in `/home/gui/projects/portfolio-website/dataconnect`
 {"metadata":{"emulator":{"name":"dataconnect"},"message":"E0805 23:20:58.586412  797570 watch.go:40] Failed to load config from \"/home/gui/projects/portfolio-website/dataconnect\": could not find dataconnect.yaml in `/home/gui/projects/portfolio-website/dataconnect`\n"}}
[debug] [2026-08-06T02:21:08.594Z] E0805 23:21:08.594351  797570 watch.go:40] Failed to load config from "/home/gui/projects/portfolio-website/dataconnect": could not find dataconnect.yaml in `/home/gui/projects/portfolio-website/dataconnect`
 {"metadata":{"emulator":{"name":"dataconnect"},"message":"E0805 23:21:08.594351  797570 watch.go:40] Failed to load config from \"/home/gui/projects/portfolio-website/dataconnect\": could not find dataconnect.yaml in `/home/gui/projects/portfolio-website/dataconnect`\n"}}
[debug] [2026-08-06T02:21:18.595Z] E0805 23:21:18.595374  797570 watch.go:40] Failed to load config from "/home/gui/projects/portfolio-website/dataconnect": could not find dataconnect.yaml in `/home/gui/projects/portfolio-website/dataconnect`
 {"metadata":{"emulator":{"name":"dataconnect"},"message":"E0805 23:21:18.595374  797570 watch.go:40] Failed to load config from \"/home/gui/projects/portfolio-website/dataconnect\": could not find dataconnect.yaml in `/home/gui/projects/portfolio-website/dataconnect`\n"}}
[debug] [2026-08-06T02:21:28.586Z] E0805 23:21:28.585940  797570 watch.go:40] Failed to load config from "/home/gui/projects/portfolio-website/dataconnect": could not find dataconnect.yaml in `/home/gui/projects/portfolio-website/dataconnect`
 {"metadata":{"emulator":{"name":"dataconnect"},"message":"E0805 23:21:28.585940  797570 watch.go:40] Failed to load config from \"/home/gui/projects/portfolio-website/dataconnect\": could not find dataconnect.yaml in `/home/gui/projects/portfolio-website/dataconnect`\n"}}
[debug] [2026-08-06T02:21:38.594Z] E0805 23:21:38.594354  797570 watch.go:40] Failed to load config from "/home/gui/projects/portfolio-website/dataconnect": could not find dataconnect.yaml in `/home/gui/projects/portfolio-website/dataconnect`
 {"metadata":{"emulator":{"name":"dataconnect"},"message":"E0805 23:21:38.594354  797570 watch.go:40] Failed to load config from \"/home/gui/projects/portfolio-website/dataconnect\": could not find dataconnect.yaml in `/home/gui/projects/portfolio-website/dataconnect`\n"}}
[debug] [2026-08-06T02:21:48.595Z] E0805 23:21:48.595360  797570 watch.go:40] Failed to load config from "/home/gui/projects/portfolio-website/dataconnect": could not find dataconnect.yaml in `/home/gui/projects/portfolio-website/dataconnect`
 {"metadata":{"emulator":{"name":"dataconnect"},"message":"E0805 23:21:48.595360  797570 watch.go:40] Failed to load config from \"/home/gui/projects/portfolio-website/dataconnect\": could not find dataconnect.yaml in `/home/gui/projects/portfolio-website/dataconnect`\n"}}
[debug] [2026-08-06T02:21:58.586Z] E0805 23:21:58.586404  797570 watch.go:116] watchAllDir unable to walk dir `/home/gui/projects/portfolio-website/dataconnect`: lstat /home/gui/projects/portfolio-website/dataconnect: no such file or directory
E0805 23:21:58.586444  797570 watch.go:40] Failed to load config from "/home/gui/projects/portfolio-website/dataconnect": could not find dataconnect.yaml in `/home/gui/projects/portfolio-website/dataconnect`
 {"metadata":{"emulator":{"name":"dataconnect"},"message":"E0805 23:21:58.586404  797570 watch.go:116] watchAllDir unable to walk dir `/home/gui/projects/portfolio-website/dataconnect`: lstat /home/gui/projects/portfolio-website/dataconnect: no such file or directory\nE0805 23:21:58.586444  797570 watch.go:40] Failed to load config from \"/home/gui/projects/portfolio-website/dataconnect\": could not find dataconnect.yaml in `/home/gui/projects/portfolio-website/dataconnect`\n"}}
[debug] [2026-08-06T02:22:08.587Z] E0805 23:22:08.587447  797570 watch.go:40] Failed to load config from "/home/gui/projects/portfolio-website/dataconnect": could not find dataconnect.yaml in `/home/gui/projects/portfolio-website/dataconnect`
 {"metadata":{"emulator":{"name":"dataconnect"},"message":"E0805 23:22:08.587447  797570 watch.go:40] Failed to load config from \"/home/gui/projects/portfolio-website/dataconnect\": could not find dataconnect.yaml in `/home/gui/projects/portfolio-website/dataconnect`\n"}}
[debug] [2026-08-06T02:22:18.594Z] E0805 23:22:18.594475  797570 watch.go:40] Failed to load config from "/home/gui/projects/portfolio-website/dataconnect": could not find dataconnect.yaml in `/home/gui/projects/portfolio-website/dataconnect`
 {"metadata":{"emulator":{"name":"dataconnect"},"message":"E0805 23:22:18.594475  797570 watch.go:40] Failed to load config from \"/home/gui/projects/portfolio-website/dataconnect\": could not find dataconnect.yaml in `/home/gui/projects/portfolio-website/dataconnect`\n"}}
[debug] [2026-08-06T02:22:28.586Z] E0805 23:22:28.586367  797570 watch.go:40] Failed to load config from "/home/gui/projects/portfolio-website/dataconnect": could not find dataconnect.yaml in `/home/gui/projects/portfolio-website/dataconnect`
 {"metadata":{"emulator":{"name":"dataconnect"},"message":"E0805 23:22:28.586367  797570 watch.go:40] Failed to load config from \"/home/gui/projects/portfolio-website/dataconnect\": could not find dataconnect.yaml in `/home/gui/projects/portfolio-website/dataconnect`\n"}}
[debug] [2026-08-06T02:22:38.585Z] E0805 23:22:38.585677  797570 watch.go:40] Failed to load config from "/home/gui/projects/portfolio-website/dataconnect": could not find dataconnect.yaml in `/home/gui/projects/portfolio-website/dataconnect`
 {"metadata":{"emulator":{"name":"dataconnect"},"message":"E0805 23:22:38.585677  797570 watch.go:40] Failed to load config from \"/home/gui/projects/portfolio-website/dataconnect\": could not find dataconnect.yaml in `/home/gui/projects/portfolio-website/dataconnect`\n"}}
[debug] [2026-08-06T02:22:48.585Z] E0805 23:22:48.585507  797570 watch.go:40] Failed to load config from "/home/gui/projects/portfolio-website/dataconnect": could not find dataconnect.yaml in `/home/gui/projects/portfolio-website/dataconnect`
 {"metadata":{"emulator":{"name":"dataconnect"},"message":"E0805 23:22:48.585507  797570 watch.go:40] Failed to load config from \"/home/gui/projects/portfolio-website/dataconnect\": could not find dataconnect.yaml in `/home/gui/projects/portfolio-website/dataconnect`\n"}}
[debug] [2026-08-06T02:22:58.585Z] E0805 23:22:58.585386  797570 watch.go:116] watchAllDir unable to walk dir `/home/gui/projects/portfolio-website/dataconnect`: lstat /home/gui/projects/portfolio-website/dataconnect: no such file or directory
 {"metadata":{"emulator":{"name":"dataconnect"},"message":"E0805 23:22:58.585386  797570 watch.go:116] watchAllDir unable to walk dir `/home/gui/projects/portfolio-website/dataconnect`: lstat /home/gui/projects/portfolio-website/dataconnect: no such file or directory\n"}}
[debug] [2026-08-06T02:22:58.585Z] E0805 23:22:58.585430  797570 watch.go:40] Failed to load config from "/home/gui/projects/portfolio-website/dataconnect": could not find dataconnect.yaml in `/home/gui/projects/portfolio-website/dataconnect`
 {"metadata":{"emulator":{"name":"dataconnect"},"message":"E0805 23:22:58.585430  797570 watch.go:40] Failed to load config from \"/home/gui/projects/portfolio-website/dataconnect\": could not find dataconnect.yaml in `/home/gui/projects/portfolio-website/dataconnect`\n"}}
[debug] [2026-08-06T02:23:08.594Z] E0805 23:23:08.594353  797570 watch.go:40] Failed to load config from "/home/gui/projects/portfolio-website/dataconnect": could not find dataconnect.yaml in `/home/gui/projects/portfolio-website/dataconnect`
 {"metadata":{"emulator":{"name":"dataconnect"},"message":"E0805 23:23:08.594353  797570 watch.go:40] Failed to load config from \"/home/gui/projects/portfolio-website/dataconnect\": could not find dataconnect.yaml in `/home/gui/projects/portfolio-website/dataconnect`\n"}}
[debug] [2026-08-06T02:23:18.591Z] E0805 23:23:18.591738  797570 watch.go:40] Failed to load config from "/home/gui/projects/portfolio-website/dataconnect": could not find dataconnect.yaml in `/home/gui/projects/portfolio-website/dataconnect`
 {"metadata":{"emulator":{"name":"dataconnect"},"message":"E0805 23:23:18.591738  797570 watch.go:40] Failed to load config from \"/home/gui/projects/portfolio-website/dataconnect\": could not find dataconnect.yaml in `/home/gui/projects/portfolio-website/dataconnect`\n"}}
[debug] [2026-08-06T02:23:28.586Z] E0805 23:23:28.586351  797570 watch.go:40] Failed to load config from "/home/gui/projects/portfolio-website/dataconnect": could not find dataconnect.yaml in `/home/gui/projects/portfolio-website/dataconnect`
 {"metadata":{"emulator":{"name":"dataconnect"},"message":"E0805 23:23:28.586351  797570 watch.go:40] Failed to load config from \"/home/gui/projects/portfolio-website/dataconnect\": could not find dataconnect.yaml in `/home/gui/projects/portfolio-website/dataconnect`\n"}}
[debug] [2026-08-06T02:23:38.591Z] E0805 23:23:38.591182  797570 watch.go:40] Failed to load config from "/home/gui/projects/portfolio-website/dataconnect": could not find dataconnect.yaml in `/home/gui/projects/portfolio-website/dataconnect`
 {"metadata":{"emulator":{"name":"dataconnect"},"message":"E0805 23:23:38.591182  797570 watch.go:40] Failed to load config from \"/home/gui/projects/portfolio-website/dataconnect\": could not find dataconnect.yaml in `/home/gui/projects/portfolio-website/dataconnect`\n"}}
[debug] [2026-08-06T02:23:48.588Z] E0805 23:23:48.588864  797570 watch.go:40] Failed to load config from "/home/gui/projects/portfolio-website/dataconnect": could not find dataconnect.yaml in `/home/gui/projects/portfolio-website/dataconnect`
 {"metadata":{"emulator":{"name":"dataconnect"},"message":"E0805 23:23:48.588864  797570 watch.go:40] Failed to load config from \"/home/gui/projects/portfolio-website/dataconnect\": could not find dataconnect.yaml in `/home/gui/projects/portfolio-website/dataconnect`\n"}}
[debug] [2026-08-06T02:23:58.585Z] E0805 23:23:58.585382  797570 watch.go:116] watchAllDir unable to walk dir `/home/gui/projects/portfolio-website/dataconnect`: lstat /home/gui/projects/portfolio-website/dataconnect: no such file or directory
 {"metadata":{"emulator":{"name":"dataconnect"},"message":"E0805 23:23:58.585382  797570 watch.go:116] watchAllDir unable to walk dir `/home/gui/projects/portfolio-website/dataconnect`: lstat /home/gui/projects/portfolio-website/dataconnect: no such file or directory\n"}}
[debug] [2026-08-06T02:23:58.585Z] E0805 23:23:58.585452  797570 watch.go:40] Failed to load config from "/home/gui/projects/portfolio-website/dataconnect": could not find dataconnect.yaml in `/home/gui/projects/portfolio-website/dataconnect`
 {"metadata":{"emulator":{"name":"dataconnect"},"message":"E0805 23:23:58.585452  797570 watch.go:40] Failed to load config from \"/home/gui/projects/portfolio-website/dataconnect\": could not find dataconnect.yaml in `/home/gui/projects/portfolio-website/dataconnect`\n"}}
[debug] [2026-08-06T02:24:08.591Z] E0805 23:24:08.591245  797570 watch.go:40] Failed to load config from "/home/gui/projects/portfolio-website/dataconnect": could not find dataconnect.yaml in `/home/gui/projects/portfolio-website/dataconnect`
 {"metadata":{"emulator":{"name":"dataconnect"},"message":"E0805 23:24:08.591245  797570 watch.go:40] Failed to load config from \"/home/gui/projects/portfolio-website/dataconnect\": could not find dataconnect.yaml in `/home/gui/projects/portfolio-website/dataconnect`\n"}}
[debug] [2026-08-06T02:24:18.593Z] E0805 23:24:18.593656  797570 watch.go:40] Failed to load config from "/home/gui/projects/portfolio-website/dataconnect": could not find dataconnect.yaml in `/home/gui/projects/portfolio-website/dataconnect`
 {"metadata":{"emulator":{"name":"dataconnect"},"message":"E0805 23:24:18.593656  797570 watch.go:40] Failed to load config from \"/home/gui/projects/portfolio-website/dataconnect\": could not find dataconnect.yaml in `/home/gui/projects/portfolio-website/dataconnect`\n"}}
[debug] [2026-08-06T02:24:28.586Z] E0805 23:24:28.586348  797570 watch.go:40] Failed to load config from "/home/gui/projects/portfolio-website/dataconnect": could not find dataconnect.yaml in `/home/gui/projects/portfolio-website/dataconnect`
 {"metadata":{"emulator":{"name":"dataconnect"},"message":"E0805 23:24:28.586348  797570 watch.go:40] Failed to load config from \"/home/gui/projects/portfolio-website/dataconnect\": could not find dataconnect.yaml in `/home/gui/projects/portfolio-website/dataconnect`\n"}}
[debug] [2026-08-06T02:24:38.593Z] E0805 23:24:38.593316  797570 watch.go:40] Failed to load config from "/home/gui/projects/portfolio-website/dataconnect": could not find dataconnect.yaml in `/home/gui/projects/portfolio-website/dataconnect`
 {"metadata":{"emulator":{"name":"dataconnect"},"message":"E0805 23:24:38.593316  797570 watch.go:40] Failed to load config from \"/home/gui/projects/portfolio-website/dataconnect\": could not find dataconnect.yaml in `/home/gui/projects/portfolio-website/dataconnect`\n"}}
[debug] [2026-08-06T02:24:48.585Z] E0805 23:24:48.585593  797570 watch.go:40] Failed to load config from "/home/gui/projects/portfolio-website/dataconnect": could not find dataconnect.yaml in `/home/gui/projects/portfolio-website/dataconnect`
 {"metadata":{"emulator":{"name":"dataconnect"},"message":"E0805 23:24:48.585593  797570 watch.go:40] Failed to load config from \"/home/gui/projects/portfolio-website/dataconnect\": could not find dataconnect.yaml in `/home/gui/projects/portfolio-website/dataconnect`\n"}}
[debug] [2026-08-06T02:24:58.586Z] E0805 23:24:58.586332  797570 watch.go:40] Failed to load config from "/home/gui/projects/portfolio-website/dataconnect": could not find dataconnect.yaml in `/home/gui/projects/portfolio-website/dataconnect`
E0805 23:24:58.586309  797570 watch.go:116] watchAllDir unable to walk dir `/home/gui/projects/portfolio-website/dataconnect`: lstat /home/gui/projects/portfolio-website/dataconnect: no such file or directory
 {"metadata":{"emulator":{"name":"dataconnect"},"message":"E0805 23:24:58.586332  797570 watch.go:40] Failed to load config from \"/home/gui/projects/portfolio-website/dataconnect\": could not find dataconnect.yaml in `/home/gui/projects/portfolio-website/dataconnect`\nE0805 23:24:58.586309  797570 watch.go:116] watchAllDir unable to walk dir `/home/gui/projects/portfolio-website/dataconnect`: lstat /home/gui/projects/portfolio-website/dataconnect: no such file or directory\n"}}
[debug] [2026-08-06T02:25:08.594Z] E0805 23:25:08.594404  797570 watch.go:40] Failed to load config from "/home/gui/projects/portfolio-website/dataconnect": could not find dataconnect.yaml in `/home/gui/projects/portfolio-website/dataconnect`
 {"metadata":{"emulator":{"name":"dataconnect"},"message":"E0805 23:25:08.594404  797570 watch.go:40] Failed to load config from \"/home/gui/projects/portfolio-website/dataconnect\": could not find dataconnect.yaml in `/home/gui/projects/portfolio-website/dataconnect`\n"}}
[debug] [2026-08-06T02:25:18.594Z] E0805 23:25:18.594363  797570 watch.go:40] Failed to load config from "/home/gui/projects/portfolio-website/dataconnect": could not find dataconnect.yaml in `/home/gui/projects/portfolio-website/dataconnect`
 {"metadata":{"emulator":{"name":"dataconnect"},"message":"E0805 23:25:18.594363  797570 watch.go:40] Failed to load config from \"/home/gui/projects/portfolio-website/dataconnect\": could not find dataconnect.yaml in `/home/gui/projects/portfolio-website/dataconnect`\n"}}
[debug] [2026-08-06T02:25:28.586Z] E0805 23:25:28.586361  797570 watch.go:40] Failed to load config from "/home/gui/projects/portfolio-website/dataconnect": could not find dataconnect.yaml in `/home/gui/projects/portfolio-website/dataconnect`
 {"metadata":{"emulator":{"name":"dataconnect"},"message":"E0805 23:25:28.586361  797570 watch.go:40] Failed to load config from \"/home/gui/projects/portfolio-website/dataconnect\": could not find dataconnect.yaml in `/home/gui/projects/portfolio-website/dataconnect`\n"}}
[debug] [2026-08-06T02:25:38.595Z] E0805 23:25:38.595348  797570 watch.go:40] Failed to load config from "/home/gui/projects/portfolio-website/dataconnect": could not find dataconnect.yaml in `/home/gui/projects/portfolio-website/dataconnect`
 {"metadata":{"emulator":{"name":"dataconnect"},"message":"E0805 23:25:38.595348  797570 watch.go:40] Failed to load config from \"/home/gui/projects/portfolio-website/dataconnect\": could not find dataconnect.yaml in `/home/gui/projects/portfolio-website/dataconnect`\n"}}
[debug] [2026-08-06T02:25:48.590Z] E0805 23:25:48.590503  797570 watch.go:40] Failed to load config from "/home/gui/projects/portfolio-website/dataconnect": could not find dataconnect.yaml in `/home/gui/projects/portfolio-website/dataconnect`
 {"metadata":{"emulator":{"name":"dataconnect"},"message":"E0805 23:25:48.590503  797570 watch.go:40] Failed to load config from \"/home/gui/projects/portfolio-website/dataconnect\": could not find dataconnect.yaml in `/home/gui/projects/portfolio-website/dataconnect`\n"}}
[debug] [2026-08-06T02:25:58.586Z] E0805 23:25:58.586499  797570 watch.go:116] watchAllDir unable to walk dir `/home/gui/projects/portfolio-website/dataconnect`: lstat /home/gui/projects/portfolio-website/dataconnect: no such file or directory
 {"metadata":{"emulator":{"name":"dataconnect"},"message":"E0805 23:25:58.586499  797570 watch.go:116] watchAllDir unable to walk dir `/home/gui/projects/portfolio-website/dataconnect`: lstat /home/gui/projects/portfolio-website/dataconnect: no such file or directory\n"}}
[debug] [2026-08-06T02:25:58.586Z] E0805 23:25:58.586550  797570 watch.go:40] Failed to load config from "/home/gui/projects/portfolio-website/dataconnect": could not find dataconnect.yaml in `/home/gui/projects/portfolio-website/dataconnect`
 {"metadata":{"emulator":{"name":"dataconnect"},"message":"E0805 23:25:58.586550  797570 watch.go:40] Failed to load config from \"/home/gui/projects/portfolio-website/dataconnect\": could not find dataconnect.yaml in `/home/gui/projects/portfolio-website/dataconnect`\n"}}
[debug] [2026-08-06T02:26:08.594Z] E0805 23:26:08.594348  797570 watch.go:40] Failed to load config from "/home/gui/projects/portfolio-website/dataconnect": could not find dataconnect.yaml in `/home/gui/projects/portfolio-website/dataconnect`
 {"metadata":{"emulator":{"name":"dataconnect"},"message":"E0805 23:26:08.594348  797570 watch.go:40] Failed to load config from \"/home/gui/projects/portfolio-website/dataconnect\": could not find dataconnect.yaml in `/home/gui/projects/portfolio-website/dataconnect`\n"}}
[debug] [2026-08-06T02:26:18.595Z] E0805 23:26:18.595375  797570 watch.go:40] Failed to load config from "/home/gui/projects/portfolio-website/dataconnect": could not find dataconnect.yaml in `/home/gui/projects/portfolio-website/dataconnect`
 {"metadata":{"emulator":{"name":"dataconnect"},"message":"E0805 23:26:18.595375  797570 watch.go:40] Failed to load config from \"/home/gui/projects/portfolio-website/dataconnect\": could not find dataconnect.yaml in `/home/gui/projects/portfolio-website/dataconnect`\n"}}
[debug] [2026-08-06T02:26:28.586Z] E0805 23:26:28.586383  797570 watch.go:40] Failed to load config from "/home/gui/projects/portfolio-website/dataconnect": could not find dataconnect.yaml in `/home/gui/projects/portfolio-website/dataconnect`
 {"metadata":{"emulator":{"name":"dataconnect"},"message":"E0805 23:26:28.586383  797570 watch.go:40] Failed to load config from \"/home/gui/projects/portfolio-website/dataconnect\": could not find dataconnect.yaml in `/home/gui/projects/portfolio-website/dataconnect`\n"}}
[debug] [2026-08-06T02:26:38.594Z] E0805 23:26:38.594354  797570 watch.go:40] Failed to load config from "/home/gui/projects/portfolio-website/dataconnect": could not find dataconnect.yaml in `/home/gui/projects/portfolio-website/dataconnect`
 {"metadata":{"emulator":{"name":"dataconnect"},"message":"E0805 23:26:38.594354  797570 watch.go:40] Failed to load config from \"/home/gui/projects/portfolio-website/dataconnect\": could not find dataconnect.yaml in `/home/gui/projects/portfolio-website/dataconnect`\n"}}
[debug] [2026-08-06T02:26:48.595Z] E0805 23:26:48.595379  797570 watch.go:40] Failed to load config from "/home/gui/projects/portfolio-website/dataconnect": could not find dataconnect.yaml in `/home/gui/projects/portfolio-website/dataconnect`
 {"metadata":{"emulator":{"name":"dataconnect"},"message":"E0805 23:26:48.595379  797570 watch.go:40] Failed to load config from \"/home/gui/projects/portfolio-website/dataconnect\": could not find dataconnect.yaml in `/home/gui/projects/portfolio-website/dataconnect`\n"}}
[debug] [2026-08-06T02:26:58.585Z] E0805 23:26:58.585674  797570 watch.go:40] Failed to load config from "/home/gui/projects/portfolio-website/dataconnect": could not find dataconnect.yaml in `/home/gui/projects/portfolio-website/dataconnect`
E0805 23:26:58.585658  797570 watch.go:116] watchAllDir unable to walk dir `/home/gui/projects/portfolio-website/dataconnect`: lstat /home/gui/projects/portfolio-website/dataconnect: no such file or directory
 {"metadata":{"emulator":{"name":"dataconnect"},"message":"E0805 23:26:58.585674  797570 watch.go:40] Failed to load config from \"/home/gui/projects/portfolio-website/dataconnect\": could not find dataconnect.yaml in `/home/gui/projects/portfolio-website/dataconnect`\nE0805 23:26:58.585658  797570 watch.go:116] watchAllDir unable to walk dir `/home/gui/projects/portfolio-website/dataconnect`: lstat /home/gui/projects/portfolio-website/dataconnect: no such file or directory\n"}}
[debug] [2026-08-06T02:27:08.585Z] E0805 23:27:08.585477  797570 watch.go:40] Failed to load config from "/home/gui/projects/portfolio-website/dataconnect": could not find dataconnect.yaml in `/home/gui/projects/portfolio-website/dataconnect`
 {"metadata":{"emulator":{"name":"dataconnect"},"message":"E0805 23:27:08.585477  797570 watch.go:40] Failed to load config from \"/home/gui/projects/portfolio-website/dataconnect\": could not find dataconnect.yaml in `/home/gui/projects/portfolio-website/dataconnect`\n"}}
[debug] [2026-08-06T02:27:18.590Z] E0805 23:27:18.590398  797570 watch.go:40] Failed to load config from "/home/gui/projects/portfolio-website/dataconnect": could not find dataconnect.yaml in `/home/gui/projects/portfolio-website/dataconnect`
 {"metadata":{"emulator":{"name":"dataconnect"},"message":"E0805 23:27:18.590398  797570 watch.go:40] Failed to load config from \"/home/gui/projects/portfolio-website/dataconnect\": could not find dataconnect.yaml in `/home/gui/projects/portfolio-website/dataconnect`\n"}}
[debug] [2026-08-06T02:27:28.586Z] E0805 23:27:28.586346  797570 watch.go:40] Failed to load config from "/home/gui/projects/portfolio-website/dataconnect": could not find dataconnect.yaml in `/home/gui/projects/portfolio-website/dataconnect`
 {"metadata":{"emulator":{"name":"dataconnect"},"message":"E0805 23:27:28.586346  797570 watch.go:40] Failed to load config from \"/home/gui/projects/portfolio-website/dataconnect\": could not find dataconnect.yaml in `/home/gui/projects/portfolio-website/dataconnect`\n"}}
[debug] [2026-08-06T02:27:38.595Z] E0805 23:27:38.595353  797570 watch.go:40] Failed to load config from "/home/gui/projects/portfolio-website/dataconnect": could not find dataconnect.yaml in `/home/gui/projects/portfolio-website/dataconnect`
 {"metadata":{"emulator":{"name":"dataconnect"},"message":"E0805 23:27:38.595353  797570 watch.go:40] Failed to load config from \"/home/gui/projects/portfolio-website/dataconnect\": could not find dataconnect.yaml in `/home/gui/projects/portfolio-website/dataconnect`\n"}}
[debug] [2026-08-06T02:27:48.595Z] E0805 23:27:48.595351  797570 watch.go:40] Failed to load config from "/home/gui/projects/portfolio-website/dataconnect": could not find dataconnect.yaml in `/home/gui/projects/portfolio-website/dataconnect`
 {"metadata":{"emulator":{"name":"dataconnect"},"message":"E0805 23:27:48.595351  797570 watch.go:40] Failed to load config from \"/home/gui/projects/portfolio-website/dataconnect\": could not find dataconnect.yaml in `/home/gui/projects/portfolio-website/dataconnect`\n"}}
[debug] [2026-08-06T02:27:58.586Z] E0805 23:27:58.586352  797570 watch.go:116] watchAllDir unable to walk dir `/home/gui/projects/portfolio-website/dataconnect`: lstat /home/gui/projects/portfolio-website/dataconnect: no such file or directory
 {"metadata":{"emulator":{"name":"dataconnect"},"message":"E0805 23:27:58.586352  797570 watch.go:116] watchAllDir unable to walk dir `/home/gui/projects/portfolio-website/dataconnect`: lstat /home/gui/projects/portfolio-website/dataconnect: no such file or directory\n"}}
[debug] [2026-08-06T02:27:58.586Z] E0805 23:27:58.586437  797570 watch.go:40] Failed to load config from "/home/gui/projects/portfolio-website/dataconnect": could not find dataconnect.yaml in `/home/gui/projects/portfolio-website/dataconnect`
 {"metadata":{"emulator":{"name":"dataconnect"},"message":"E0805 23:27:58.586437  797570 watch.go:40] Failed to load config from \"/home/gui/projects/portfolio-website/dataconnect\": could not find dataconnect.yaml in `/home/gui/projects/portfolio-website/dataconnect`\n"}}
[debug] [2026-08-06T02:28:08.594Z] E0805 23:28:08.594350  797570 watch.go:40] Failed to load config from "/home/gui/projects/portfolio-website/dataconnect": could not find dataconnect.yaml in `/home/gui/projects/portfolio-website/dataconnect`
 {"metadata":{"emulator":{"name":"dataconnect"},"message":"E0805 23:28:08.594350  797570 watch.go:40] Failed to load config from \"/home/gui/projects/portfolio-website/dataconnect\": could not find dataconnect.yaml in `/home/gui/projects/portfolio-website/dataconnect`\n"}}
[debug] [2026-08-06T02:28:18.595Z] E0805 23:28:18.595369  797570 watch.go:40] Failed to load config from "/home/gui/projects/portfolio-website/dataconnect": could not find dataconnect.yaml in `/home/gui/projects/portfolio-website/dataconnect`
 {"metadata":{"emulator":{"name":"dataconnect"},"message":"E0805 23:28:18.595369  797570 watch.go:40] Failed to load config from \"/home/gui/projects/portfolio-website/dataconnect\": could not find dataconnect.yaml in `/home/gui/projects/portfolio-website/dataconnect`\n"}}
[debug] [2026-08-06T02:28:28.585Z] E0805 23:28:28.585899  797570 watch.go:40] Failed to load config from "/home/gui/projects/portfolio-website/dataconnect": could not find dataconnect.yaml in `/home/gui/projects/portfolio-website/dataconnect`
 {"metadata":{"emulator":{"name":"dataconnect"},"message":"E0805 23:28:28.585899  797570 watch.go:40] Failed to load config from \"/home/gui/projects/portfolio-website/dataconnect\": could not find dataconnect.yaml in `/home/gui/projects/portfolio-website/dataconnect`\n"}}
[debug] [2026-08-06T02:28:38.594Z] E0805 23:28:38.594355  797570 watch.go:40] Failed to load config from "/home/gui/projects/portfolio-website/dataconnect": could not find dataconnect.yaml in `/home/gui/projects/portfolio-website/dataconnect`
 {"metadata":{"emulator":{"name":"dataconnect"},"message":"E0805 23:28:38.594355  797570 watch.go:40] Failed to load config from \"/home/gui/projects/portfolio-website/dataconnect\": could not find dataconnect.yaml in `/home/gui/projects/portfolio-website/dataconnect`\n"}}
[debug] [2026-08-06T02:28:48.591Z] E0805 23:28:48.590910  797570 watch.go:40] Failed to load config from "/home/gui/projects/portfolio-website/dataconnect": could not find dataconnect.yaml in `/home/gui/projects/portfolio-website/dataconnect`
 {"metadata":{"emulator":{"name":"dataconnect"},"message":"E0805 23:28:48.590910  797570 watch.go:40] Failed to load config from \"/home/gui/projects/portfolio-website/dataconnect\": could not find dataconnect.yaml in `/home/gui/projects/portfolio-website/dataconnect`\n"}}
[debug] [2026-08-06T02:28:58.586Z] E0805 23:28:58.585917  797570 watch.go:116] watchAllDir unable to walk dir `/home/gui/projects/portfolio-website/dataconnect`: lstat /home/gui/projects/portfolio-website/dataconnect: no such file or directory
E0805 23:28:58.585941  797570 watch.go:40] Failed to load config from "/home/gui/projects/portfolio-website/dataconnect": could not find dataconnect.yaml in `/home/gui/projects/portfolio-website/dataconnect`
 {"metadata":{"emulator":{"name":"dataconnect"},"message":"E0805 23:28:58.585917  797570 watch.go:116] watchAllDir unable to walk dir `/home/gui/projects/portfolio-website/dataconnect`: lstat /home/gui/projects/portfolio-website/dataconnect: no such file or directory\nE0805 23:28:58.585941  797570 watch.go:40] Failed to load config from \"/home/gui/projects/portfolio-website/dataconnect\": could not find dataconnect.yaml in `/home/gui/projects/portfolio-website/dataconnect`\n"}}
[debug] [2026-08-06T02:29:08.585Z] E0805 23:29:08.585682  797570 watch.go:40] Failed to load config from "/home/gui/projects/portfolio-website/dataconnect": could not find dataconnect.yaml in `/home/gui/projects/portfolio-website/dataconnect`
 {"metadata":{"emulator":{"name":"dataconnect"},"message":"E0805 23:29:08.585682  797570 watch.go:40] Failed to load config from \"/home/gui/projects/portfolio-website/dataconnect\": could not find dataconnect.yaml in `/home/gui/projects/portfolio-website/dataconnect`\n"}}
[debug] [2026-08-06T02:29:18.585Z] E0805 23:29:18.585480  797570 watch.go:40] Failed to load config from "/home/gui/projects/portfolio-website/dataconnect": could not find dataconnect.yaml in `/home/gui/projects/portfolio-website/dataconnect`
 {"metadata":{"emulator":{"name":"dataconnect"},"message":"E0805 23:29:18.585480  797570 watch.go:40] Failed to load config from \"/home/gui/projects/portfolio-website/dataconnect\": could not find dataconnect.yaml in `/home/gui/projects/portfolio-website/dataconnect`\n"}}
[debug] [2026-08-06T02:29:28.586Z] E0805 23:29:28.586434  797570 watch.go:40] Failed to load config from "/home/gui/projects/portfolio-website/dataconnect": could not find dataconnect.yaml in `/home/gui/projects/portfolio-website/dataconnect`
 {"metadata":{"emulator":{"name":"dataconnect"},"message":"E0805 23:29:28.586434  797570 watch.go:40] Failed to load config from \"/home/gui/projects/portfolio-website/dataconnect\": could not find dataconnect.yaml in `/home/gui/projects/portfolio-website/dataconnect`\n"}}
[debug] [2026-08-06T02:29:38.594Z] E0805 23:29:38.594352  797570 watch.go:40] Failed to load config from "/home/gui/projects/portfolio-website/dataconnect": could not find dataconnect.yaml in `/home/gui/projects/portfolio-website/dataconnect`
 {"metadata":{"emulator":{"name":"dataconnect"},"message":"E0805 23:29:38.594352  797570 watch.go:40] Failed to load config from \"/home/gui/projects/portfolio-website/dataconnect\": could not find dataconnect.yaml in `/home/gui/projects/portfolio-website/dataconnect`\n"}}
[debug] [2026-08-06T02:29:48.595Z] E0805 23:29:48.595378  797570 watch.go:40] Failed to load config from "/home/gui/projects/portfolio-website/dataconnect": could not find dataconnect.yaml in `/home/gui/projects/portfolio-website/dataconnect`
 {"metadata":{"emulator":{"name":"dataconnect"},"message":"E0805 23:29:48.595378  797570 watch.go:40] Failed to load config from \"/home/gui/projects/portfolio-website/dataconnect\": could not find dataconnect.yaml in `/home/gui/projects/portfolio-website/dataconnect`\n"}}
[debug] [2026-08-06T02:29:58.586Z] E0805 23:29:58.586375  797570 watch.go:116] watchAllDir unable to walk dir `/home/gui/projects/portfolio-website/dataconnect`: lstat /home/gui/projects/portfolio-website/dataconnect: no such file or directory
E0805 23:29:58.586427  797570 watch.go:40] Failed to load config from "/home/gui/projects/portfolio-website/dataconnect": could not find dataconnect.yaml in `/home/gui/projects/portfolio-website/dataconnect`
 {"metadata":{"emulator":{"name":"dataconnect"},"message":"E0805 23:29:58.586375  797570 watch.go:116] watchAllDir unable to walk dir `/home/gui/projects/portfolio-website/dataconnect`: lstat /home/gui/projects/portfolio-website/dataconnect: no such file or directory\nE0805 23:29:58.586427  797570 watch.go:40] Failed to load config from \"/home/gui/projects/portfolio-website/dataconnect\": could not find dataconnect.yaml in `/home/gui/projects/portfolio-website/dataconnect`\n"}}
[debug] [2026-08-06T02:30:08.594Z] E0805 23:30:08.594356  797570 watch.go:40] Failed to load config from "/home/gui/projects/portfolio-website/dataconnect": could not find dataconnect.yaml in `/home/gui/projects/portfolio-website/dataconnect`
 {"metadata":{"emulator":{"name":"dataconnect"},"message":"E0805 23:30:08.594356  797570 watch.go:40] Failed to load config from \"/home/gui/projects/portfolio-website/dataconnect\": could not find dataconnect.yaml in `/home/gui/projects/portfolio-website/dataconnect`\n"}}
[debug] [2026-08-06T02:30:18.595Z] E0805 23:30:18.595354  797570 watch.go:40] Failed to load config from "/home/gui/projects/portfolio-website/dataconnect": could not find dataconnect.yaml in `/home/gui/projects/portfolio-website/dataconnect`
 {"metadata":{"emulator":{"name":"dataconnect"},"message":"E0805 23:30:18.595354  797570 watch.go:40] Failed to load config from \"/home/gui/projects/portfolio-website/dataconnect\": could not find dataconnect.yaml in `/home/gui/projects/portfolio-website/dataconnect`\n"}}
[debug] [2026-08-06T02:30:28.586Z] E0805 23:30:28.586378  797570 watch.go:40] Failed to load config from "/home/gui/projects/portfolio-website/dataconnect": could not find dataconnect.yaml in `/home/gui/projects/portfolio-website/dataconnect`
 {"metadata":{"emulator":{"name":"dataconnect"},"message":"E0805 23:30:28.586378  797570 watch.go:40] Failed to load config from \"/home/gui/projects/portfolio-website/dataconnect\": could not find dataconnect.yaml in `/home/gui/projects/portfolio-website/dataconnect`\n"}}
[debug] [2026-08-06T02:30:38.595Z] E0805 23:30:38.595404  797570 watch.go:40] Failed to load config from "/home/gui/projects/portfolio-website/dataconnect": could not find dataconnect.yaml in `/home/gui/projects/portfolio-website/dataconnect`
 {"metadata":{"emulator":{"name":"dataconnect"},"message":"E0805 23:30:38.595404  797570 watch.go:40] Failed to load config from \"/home/gui/projects/portfolio-website/dataconnect\": could not find dataconnect.yaml in `/home/gui/projects/portfolio-website/dataconnect`\n"}}
[debug] [2026-08-06T02:30:48.594Z] E0805 23:30:48.594360  797570 watch.go:40] Failed to load config from "/home/gui/projects/portfolio-website/dataconnect": could not find dataconnect.yaml in `/home/gui/projects/portfolio-website/dataconnect`
 {"metadata":{"emulator":{"name":"dataconnect"},"message":"E0805 23:30:48.594360  797570 watch.go:40] Failed to load config from \"/home/gui/projects/portfolio-website/dataconnect\": could not find dataconnect.yaml in `/home/gui/projects/portfolio-website/dataconnect`\n"}}
[debug] [2026-08-06T02:30:58.586Z] E0805 23:30:58.586205  797570 watch.go:116] watchAllDir unable to walk dir `/home/gui/projects/portfolio-website/dataconnect`: lstat /home/gui/projects/portfolio-website/dataconnect: no such file or directory
E0805 23:30:58.586264  797570 watch.go:40] Failed to load config from "/home/gui/projects/portfolio-website/dataconnect": could not find dataconnect.yaml in `/home/gui/projects/portfolio-website/dataconnect`
 {"metadata":{"emulator":{"name":"dataconnect"},"message":"E0805 23:30:58.586205  797570 watch.go:116] watchAllDir unable to walk dir `/home/gui/projects/portfolio-website/dataconnect`: lstat /home/gui/projects/portfolio-website/dataconnect: no such file or directory\nE0805 23:30:58.586264  797570 watch.go:40] Failed to load config from \"/home/gui/projects/portfolio-website/dataconnect\": could not find dataconnect.yaml in `/home/gui/projects/portfolio-website/dataconnect`\n"}}
[debug] [2026-08-06T02:31:08.595Z] E0805 23:31:08.595374  797570 watch.go:40] Failed to load config from "/home/gui/projects/portfolio-website/dataconnect": could not find dataconnect.yaml in `/home/gui/projects/portfolio-website/dataconnect`
 {"metadata":{"emulator":{"name":"dataconnect"},"message":"E0805 23:31:08.595374  797570 watch.go:40] Failed to load config from \"/home/gui/projects/portfolio-website/dataconnect\": could not find dataconnect.yaml in `/home/gui/projects/portfolio-website/dataconnect`\n"}}
[debug] [2026-08-06T02:31:18.585Z] E0805 23:31:18.585676  797570 watch.go:40] Failed to load config from "/home/gui/projects/portfolio-website/dataconnect": could not find dataconnect.yaml in `/home/gui/projects/portfolio-website/dataconnect`
 {"metadata":{"emulator":{"name":"dataconnect"},"message":"E0805 23:31:18.585676  797570 watch.go:40] Failed to load config from \"/home/gui/projects/portfolio-website/dataconnect\": could not find dataconnect.yaml in `/home/gui/projects/portfolio-website/dataconnect`\n"}}
[debug] [2026-08-06T02:31:28.586Z] E0805 23:31:28.586401  797570 watch.go:40] Failed to load config from "/home/gui/projects/portfolio-website/dataconnect": could not find dataconnect.yaml in `/home/gui/projects/portfolio-website/dataconnect`
 {"metadata":{"emulator":{"name":"dataconnect"},"message":"E0805 23:31:28.586401  797570 watch.go:40] Failed to load config from \"/home/gui/projects/portfolio-website/dataconnect\": could not find dataconnect.yaml in `/home/gui/projects/portfolio-website/dataconnect`\n"}}
[debug] [2026-08-06T02:31:38.585Z] E0805 23:31:38.585596  797570 watch.go:40] Failed to load config from "/home/gui/projects/portfolio-website/dataconnect": could not find dataconnect.yaml in `/home/gui/projects/portfolio-website/dataconnect`
 {"metadata":{"emulator":{"name":"dataconnect"},"message":"E0805 23:31:38.585596  797570 watch.go:40] Failed to load config from \"/home/gui/projects/portfolio-website/dataconnect\": could not find dataconnect.yaml in `/home/gui/projects/portfolio-website/dataconnect`\n"}}
[debug] [2026-08-06T02:31:48.594Z] E0805 23:31:48.594355  797570 watch.go:40] Failed to load config from "/home/gui/projects/portfolio-website/dataconnect": could not find dataconnect.yaml in `/home/gui/projects/portfolio-website/dataconnect`
 {"metadata":{"emulator":{"name":"dataconnect"},"message":"E0805 23:31:48.594355  797570 watch.go:40] Failed to load config from \"/home/gui/projects/portfolio-website/dataconnect\": could not find dataconnect.yaml in `/home/gui/projects/portfolio-website/dataconnect`\n"}}
[debug] [2026-08-06T02:31:58.585Z] E0805 23:31:58.585498  797570 watch.go:116] watchAllDir unable to walk dir `/home/gui/projects/portfolio-website/dataconnect`: lstat /home/gui/projects/portfolio-website/dataconnect: no such file or directory
E0805 23:31:58.585558  797570 watch.go:40] Failed to load config from "/home/gui/projects/portfolio-website/dataconnect": could not find dataconnect.yaml in `/home/gui/projects/portfolio-website/dataconnect`
 {"metadata":{"emulator":{"name":"dataconnect"},"message":"E0805 23:31:58.585498  797570 watch.go:116] watchAllDir unable to walk dir `/home/gui/projects/portfolio-website/dataconnect`: lstat /home/gui/projects/portfolio-website/dataconnect: no such file or directory\nE0805 23:31:58.585558  797570 watch.go:40] Failed to load config from \"/home/gui/projects/portfolio-website/dataconnect\": could not find dataconnect.yaml in `/home/gui/projects/portfolio-website/dataconnect`\n"}}
[debug] [2026-08-06T02:32:08.596Z] E0805 23:32:08.594356  797570 watch.go:40] Failed to load config from "/home/gui/projects/portfolio-website/dataconnect": could not find dataconnect.yaml in `/home/gui/projects/portfolio-website/dataconnect`
 {"metadata":{"emulator":{"name":"dataconnect"},"message":"E0805 23:32:08.594356  797570 watch.go:40] Failed to load config from \"/home/gui/projects/portfolio-website/dataconnect\": could not find dataconnect.yaml in `/home/gui/projects/portfolio-website/dataconnect`\n"}}
[debug] [2026-08-06T02:32:18.595Z] E0805 23:32:18.595359  797570 watch.go:40] Failed to load config from "/home/gui/projects/portfolio-website/dataconnect": could not find dataconnect.yaml in `/home/gui/projects/portfolio-website/dataconnect`
 {"metadata":{"emulator":{"name":"dataconnect"},"message":"E0805 23:32:18.595359  797570 watch.go:40] Failed to load config from \"/home/gui/projects/portfolio-website/dataconnect\": could not find dataconnect.yaml in `/home/gui/projects/portfolio-website/dataconnect`\n"}}
[debug] [2026-08-06T02:32:28.586Z] E0805 23:32:28.586358  797570 watch.go:40] Failed to load config from "/home/gui/projects/portfolio-website/dataconnect": could not find dataconnect.yaml in `/home/gui/projects/portfolio-website/dataconnect`
 {"metadata":{"emulator":{"name":"dataconnect"},"message":"E0805 23:32:28.586358  797570 watch.go:40] Failed to load config from \"/home/gui/projects/portfolio-website/dataconnect\": could not find dataconnect.yaml in `/home/gui/projects/portfolio-website/dataconnect`\n"}}
[debug] [2026-08-06T02:32:38.595Z] E0805 23:32:38.595363  797570 watch.go:40] Failed to load config from "/home/gui/projects/portfolio-website/dataconnect": could not find dataconnect.yaml in `/home/gui/projects/portfolio-website/dataconnect`
 {"metadata":{"emulator":{"name":"dataconnect"},"message":"E0805 23:32:38.595363  797570 watch.go:40] Failed to load config from \"/home/gui/projects/portfolio-website/dataconnect\": could not find dataconnect.yaml in `/home/gui/projects/portfolio-website/dataconnect`\n"}}
[debug] [2026-08-06T02:32:48.595Z] E0805 23:32:48.595351  797570 watch.go:40] Failed to load config from "/home/gui/projects/portfolio-website/dataconnect": could not find dataconnect.yaml in `/home/gui/projects/portfolio-website/dataconnect`
 {"metadata":{"emulator":{"name":"dataconnect"},"message":"E0805 23:32:48.595351  797570 watch.go:40] Failed to load config from \"/home/gui/projects/portfolio-website/dataconnect\": could not find dataconnect.yaml in `/home/gui/projects/portfolio-website/dataconnect`\n"}}
[debug] [2026-08-06T02:32:58.586Z] E0805 23:32:58.586333  797570 watch.go:116] watchAllDir unable to walk dir `/home/gui/projects/portfolio-website/dataconnect`: lstat /home/gui/projects/portfolio-website/dataconnect: no such file or directory
E0805 23:32:58.586382  797570 watch.go:40] Failed to load config from "/home/gui/projects/portfolio-website/dataconnect": could not find dataconnect.yaml in `/home/gui/projects/portfolio-website/dataconnect`
 {"metadata":{"emulator":{"name":"dataconnect"},"message":"E0805 23:32:58.586333  797570 watch.go:116] watchAllDir unable to walk dir `/home/gui/projects/portfolio-website/dataconnect`: lstat /home/gui/projects/portfolio-website/dataconnect: no such file or directory\nE0805 23:32:58.586382  797570 watch.go:40] Failed to load config from \"/home/gui/projects/portfolio-website/dataconnect\": could not find dataconnect.yaml in `/home/gui/projects/portfolio-website/dataconnect`\n"}}
[debug] [2026-08-06T02:33:08.594Z] E0805 23:33:08.594353  797570 watch.go:40] Failed to load config from "/home/gui/projects/portfolio-website/dataconnect": could not find dataconnect.yaml in `/home/gui/projects/portfolio-website/dataconnect`
 {"metadata":{"emulator":{"name":"dataconnect"},"message":"E0805 23:33:08.594353  797570 watch.go:40] Failed to load config from \"/home/gui/projects/portfolio-website/dataconnect\": could not find dataconnect.yaml in `/home/gui/projects/portfolio-website/dataconnect`\n"}}
[debug] [2026-08-06T02:33:18.595Z] E0805 23:33:18.595354  797570 watch.go:40] Failed to load config from "/home/gui/projects/portfolio-website/dataconnect": could not find dataconnect.yaml in `/home/gui/projects/portfolio-website/dataconnect`
 {"metadata":{"emulator":{"name":"dataconnect"},"message":"E0805 23:33:18.595354  797570 watch.go:40] Failed to load config from \"/home/gui/projects/portfolio-website/dataconnect\": could not find dataconnect.yaml in `/home/gui/projects/portfolio-website/dataconnect`\n"}}
[debug] [2026-08-06T02:33:28.586Z] E0805 23:33:28.586348  797570 watch.go:40] Failed to load config from "/home/gui/projects/portfolio-website/dataconnect": could not find dataconnect.yaml in `/home/gui/projects/portfolio-website/dataconnect`
 {"metadata":{"emulator":{"name":"dataconnect"},"message":"E0805 23:33:28.586348  797570 watch.go:40] Failed to load config from \"/home/gui/projects/portfolio-website/dataconnect\": could not find dataconnect.yaml in `/home/gui/projects/portfolio-website/dataconnect`\n"}}
[debug] [2026-08-06T02:33:38.585Z] E0805 23:33:38.585474  797570 watch.go:40] Failed to load config from "/home/gui/projects/portfolio-website/dataconnect": could not find dataconnect.yaml in `/home/gui/projects/portfolio-website/dataconnect`
 {"metadata":{"emulator":{"name":"dataconnect"},"message":"E0805 23:33:38.585474  797570 watch.go:40] Failed to load config from \"/home/gui/projects/portfolio-website/dataconnect\": could not find dataconnect.yaml in `/home/gui/projects/portfolio-website/dataconnect`\n"}}
[debug] [2026-08-06T02:33:48.595Z] E0805 23:33:48.595382  797570 watch.go:40] Failed to load config from "/home/gui/projects/portfolio-website/dataconnect": could not find dataconnect.yaml in `/home/gui/projects/portfolio-website/dataconnect`
 {"metadata":{"emulator":{"name":"dataconnect"},"message":"E0805 23:33:48.595382  797570 watch.go:40] Failed to load config from \"/home/gui/projects/portfolio-website/dataconnect\": could not find dataconnect.yaml in `/home/gui/projects/portfolio-website/dataconnect`\n"}}
[debug] [2026-08-06T02:33:58.586Z] E0805 23:33:58.586335  797570 watch.go:116] watchAllDir unable to walk dir `/home/gui/projects/portfolio-website/dataconnect`: lstat /home/gui/projects/portfolio-website/dataconnect: no such file or directory
E0805 23:33:58.586396  797570 watch.go:40] Failed to load config from "/home/gui/projects/portfolio-website/dataconnect": could not find dataconnect.yaml in `/home/gui/projects/portfolio-website/dataconnect`
 {"metadata":{"emulator":{"name":"dataconnect"},"message":"E0805 23:33:58.586335  797570 watch.go:116] watchAllDir unable to walk dir `/home/gui/projects/portfolio-website/dataconnect`: lstat /home/gui/projects/portfolio-website/dataconnect: no such file or directory\nE0805 23:33:58.586396  797570 watch.go:40] Failed to load config from \"/home/gui/projects/portfolio-website/dataconnect\": could not find dataconnect.yaml in `/home/gui/projects/portfolio-website/dataconnect`\n"}}
[debug] [2026-08-06T02:34:08.594Z] E0805 23:34:08.594388  797570 watch.go:40] Failed to load config from "/home/gui/projects/portfolio-website/dataconnect": could not find dataconnect.yaml in `/home/gui/projects/portfolio-website/dataconnect`
 {"metadata":{"emulator":{"name":"dataconnect"},"message":"E0805 23:34:08.594388  797570 watch.go:40] Failed to load config from \"/home/gui/projects/portfolio-website/dataconnect\": could not find dataconnect.yaml in `/home/gui/projects/portfolio-website/dataconnect`\n"}}
[debug] [2026-08-06T02:34:18.595Z] E0805 23:34:18.595356  797570 watch.go:40] Failed to load config from "/home/gui/projects/portfolio-website/dataconnect": could not find dataconnect.yaml in `/home/gui/projects/portfolio-website/dataconnect`
 {"metadata":{"emulator":{"name":"dataconnect"},"message":"E0805 23:34:18.595356  797570 watch.go:40] Failed to load config from \"/home/gui/projects/portfolio-website/dataconnect\": could not find dataconnect.yaml in `/home/gui/projects/portfolio-website/dataconnect`\n"}}
[debug] [2026-08-06T02:34:28.585Z] E0805 23:34:28.585424  797570 watch.go:40] Failed to load config from "/home/gui/projects/portfolio-website/dataconnect": could not find dataconnect.yaml in `/home/gui/projects/portfolio-website/dataconnect`
 {"metadata":{"emulator":{"name":"dataconnect"},"message":"E0805 23:34:28.585424  797570 watch.go:40] Failed to load config from \"/home/gui/projects/portfolio-website/dataconnect\": could not find dataconnect.yaml in `/home/gui/projects/portfolio-website/dataconnect`\n"}}
[debug] [2026-08-06T02:34:38.594Z] E0805 23:34:38.594459  797570 watch.go:40] Failed to load config from "/home/gui/projects/portfolio-website/dataconnect": could not find dataconnect.yaml in `/home/gui/projects/portfolio-website/dataconnect`
 {"metadata":{"emulator":{"name":"dataconnect"},"message":"E0805 23:34:38.594459  797570 watch.go:40] Failed to load config from \"/home/gui/projects/portfolio-website/dataconnect\": could not find dataconnect.yaml in `/home/gui/projects/portfolio-website/dataconnect`\n"}}
[debug] [2026-08-06T02:34:48.594Z] E0805 23:34:48.594365  797570 watch.go:40] Failed to load config from "/home/gui/projects/portfolio-website/dataconnect": could not find dataconnect.yaml in `/home/gui/projects/portfolio-website/dataconnect`
 {"metadata":{"emulator":{"name":"dataconnect"},"message":"E0805 23:34:48.594365  797570 watch.go:40] Failed to load config from \"/home/gui/projects/portfolio-website/dataconnect\": could not find dataconnect.yaml in `/home/gui/projects/portfolio-website/dataconnect`\n"}}
[debug] [2026-08-06T02:34:58.586Z] E0805 23:34:58.586374  797570 watch.go:116] watchAllDir unable to walk dir `/home/gui/projects/portfolio-website/dataconnect`: lstat /home/gui/projects/portfolio-website/dataconnect: no such file or directory
E0805 23:34:58.586418  797570 watch.go:40] Failed to load config from "/home/gui/projects/portfolio-website/dataconnect": could not find dataconnect.yaml in `/home/gui/projects/portfolio-website/dataconnect`
 {"metadata":{"emulator":{"name":"dataconnect"},"message":"E0805 23:34:58.586374  797570 watch.go:116] watchAllDir unable to walk dir `/home/gui/projects/portfolio-website/dataconnect`: lstat /home/gui/projects/portfolio-website/dataconnect: no such file or directory\nE0805 23:34:58.586418  797570 watch.go:40] Failed to load config from \"/home/gui/projects/portfolio-website/dataconnect\": could not find dataconnect.yaml in `/home/gui/projects/portfolio-website/dataconnect`\n"}}
[debug] [2026-08-06T02:35:08.594Z] E0805 23:35:08.594497  797570 watch.go:40] Failed to load config from "/home/gui/projects/portfolio-website/dataconnect": could not find dataconnect.yaml in `/home/gui/projects/portfolio-website/dataconnect`
 {"metadata":{"emulator":{"name":"dataconnect"},"message":"E0805 23:35:08.594497  797570 watch.go:40] Failed to load config from \"/home/gui/projects/portfolio-website/dataconnect\": could not find dataconnect.yaml in `/home/gui/projects/portfolio-website/dataconnect`\n"}}
[debug] [2026-08-06T02:35:18.594Z] E0805 23:35:18.594369  797570 watch.go:40] Failed to load config from "/home/gui/projects/portfolio-website/dataconnect": could not find dataconnect.yaml in `/home/gui/projects/portfolio-website/dataconnect`
 {"metadata":{"emulator":{"name":"dataconnect"},"message":"E0805 23:35:18.594369  797570 watch.go:40] Failed to load config from \"/home/gui/projects/portfolio-website/dataconnect\": could not find dataconnect.yaml in `/home/gui/projects/portfolio-website/dataconnect`\n"}}
[debug] [2026-08-06T02:35:28.586Z] E0805 23:35:28.586409  797570 watch.go:40] Failed to load config from "/home/gui/projects/portfolio-website/dataconnect": could not find dataconnect.yaml in `/home/gui/projects/portfolio-website/dataconnect`
 {"metadata":{"emulator":{"name":"dataconnect"},"message":"E0805 23:35:28.586409  797570 watch.go:40] Failed to load config from \"/home/gui/projects/portfolio-website/dataconnect\": could not find dataconnect.yaml in `/home/gui/projects/portfolio-website/dataconnect`\n"}}
[debug] [2026-08-06T02:35:38.585Z] E0805 23:35:38.585692  797570 watch.go:40] Failed to load config from "/home/gui/projects/portfolio-website/dataconnect": could not find dataconnect.yaml in `/home/gui/projects/portfolio-website/dataconnect`
 {"metadata":{"emulator":{"name":"dataconnect"},"message":"E0805 23:35:38.585692  797570 watch.go:40] Failed to load config from \"/home/gui/projects/portfolio-website/dataconnect\": could not find dataconnect.yaml in `/home/gui/projects/portfolio-website/dataconnect`\n"}}
[debug] [2026-08-06T02:35:48.585Z] E0805 23:35:48.585499  797570 watch.go:40] Failed to load config from "/home/gui/projects/portfolio-website/dataconnect": could not find dataconnect.yaml in `/home/gui/projects/portfolio-website/dataconnect`
 {"metadata":{"emulator":{"name":"dataconnect"},"message":"E0805 23:35:48.585499  797570 watch.go:40] Failed to load config from \"/home/gui/projects/portfolio-website/dataconnect\": could not find dataconnect.yaml in `/home/gui/projects/portfolio-website/dataconnect`\n"}}
[debug] [2026-08-06T02:35:58.586Z] E0805 23:35:58.586487  797570 watch.go:116] watchAllDir unable to walk dir `/home/gui/projects/portfolio-website/dataconnect`: lstat /home/gui/projects/portfolio-website/dataconnect: no such file or directory
E0805 23:35:58.586553  797570 watch.go:40] Failed to load config from "/home/gui/projects/portfolio-website/dataconnect": could not find dataconnect.yaml in `/home/gui/projects/portfolio-website/dataconnect`
 {"metadata":{"emulator":{"name":"dataconnect"},"message":"E0805 23:35:58.586487  797570 watch.go:116] watchAllDir unable to walk dir `/home/gui/projects/portfolio-website/dataconnect`: lstat /home/gui/projects/portfolio-website/dataconnect: no such file or directory\nE0805 23:35:58.586553  797570 watch.go:40] Failed to load config from \"/home/gui/projects/portfolio-website/dataconnect\": could not find dataconnect.yaml in `/home/gui/projects/portfolio-website/dataconnect`\n"}}
